,brand,model,processor_brand,processor_name,processor_gnrtn,ram_gb,ram_type,ssd,hdd,os,os_bit,graphic_card_gb,weight,display_size,warranty,Touchscreen,msoffice,latest_price,old_price,discount,star_rating,ratings,reviews
0,Lenovo,A6-9225,AMD,A6-9225 Processor,10th,4 GB,DDR4,0 GB,1024 GB,Windows,64-bit,0,ThinNlight,Missing,0,No,No,24990,32790,23,3.7,63,12
1,Lenovo,Ideapad,AMD,APU Dual,10th,4 GB,DDR4,0 GB,512 GB,Windows,64-bit,0,Casual,Missing,0,No,No,19590,21325,8,3.6,1894,256
2,Avita,PURA,AMD,APU Dual,10th,4 GB,DDR4,128 GB,0 GB,Windows,64-bit,0,ThinNlight,Missing,0,No,No,19990,27990,28,3.7,1153,159
3,Avita,PURA,AMD,APU Dual,10th,4 GB,DDR4,128 GB,0 GB,Windows,64-bit,0,ThinNlight,Missing,0,No,No,21490,27990,23,3.7,1153,159
4,Avita,PURA,AMD,APU Dual,10th,4 GB,DDR4,256 GB,0 GB,Windows,64-bit,0,ThinNlight,Missing,0,No,No,24990,33490,25,3.7,1657,234
5,Avita,PURA,AMD,APU Dual,10th,8 GB,DDR4,256 GB,0 GB,Windows,64-bit,0,ThinNlight,14,0,No,No,24990,33490,25,3.7,1657,234
6,HP,APU,AMD,APU Dual,10th,4 GB,DDR4,0 GB,1024 GB,Windows,32-bit,0,Casual,14,0,No,No,20900,22825,8,3.9,1185,141
7,Lenovo,APU,AMD,APU Dual,10th,4 GB,DDR4,0 GB,1024 GB,Windows,64-bit,0,Casual,Missing,0,No,No,21896,21896,0,3.9,219,18
9,acer,Aspire,AMD,Athlon Dual,10th,4 GB,DDR4,256 GB,0 GB,Windows,64-bit,0,Casual,Missing,1,No,No,31990,36990,13,4.2,76,13
10,ASUS,ExpertBook,Intel,Core i3,10th,4 GB,DDR4,0 GB,1024 GB,Windows,64-bit,0,Casual,15.6,0,No,No,34649,41990,17,2.3,3,0
11,Lenovo,Missing,Intel,Core i3,10th,4 GB,DDR4,0 GB,1024 GB,Windows,64-bit,0,Casual,Missing,0,No,No,38999,42705,8,3.8,65,5
12,Lenovo,v15,Intel,Core i3,10th,4 GB,DDR4,0 GB,1024 GB,Windows,64-bit,0,Casual,15.6,0,No,No,39999,43999,9,3.1,8,1
16,ASUS,EeeBook,Intel,Celeron Dual,Missing,4 GB,DDR4,0 GB,512 GB,Windows,32-bit,0,Casual,Missing,0,No,No,21990,25990,15,3.5,31,3
20,acer,Nitro,AMD,Ryzen 5,10th,4 GB,DDR4,0 GB,512 GB,Windows,32-bit,4,Casual,Missing,0,No,No,59990,99999,40,4.5,1946,240
21,acer,Nitro,AMD,Ryzen 5,10th,4 GB,DDR4,0 GB,512 GB,Windows,32-bit,6,Casual,Missing,0,No,No,93700,139000,32,4.5,259,47
22,acer,Nitro,AMD,Ryzen 5,10th,4 GB,DDR4,0 GB,512 GB,Windows,32-bit,4,Casual,Missing,0,No,No,72990,99999,27,4.5,425,67
23,Avita,Cosmos,Intel,Celeron Dual,Missing,4 GB,DDR4,0 GB,512 GB,Windows,64-bit,0,Casual,Missing,0,No,No,17490,23490,25,3.6,1120,196
28,Lenovo,IdeaPad,Intel,Celeron Dual,Missing,4 GB,DDR4,256 GB,0 GB,Windows,64-bit,0,ThinNlight,14,0,No,No,31999,38999,17,4.0,286,19
29,HP,Celeron,Intel,Celeron Dual,Missing,8 GB,DDR4,256 GB,0 GB,Windows,64-bit,0,ThinNlight,14,0,No,No,32490,39288,17,4.0,58,6
31,ASUS,VivoBook,Intel,Celeron Dual,Missing,4 GB,DDR4,256 GB,0 GB,Windows,64-bit,0,Casual,Missing,0,No,No,29890,33990,12,4.0,7,0
32,ASUS,Celeron,Intel,Celeron Dual,Missing,4 GB,DDR4,0 GB,1024 GB,Windows,64-bit,0,Casual,15.6,1,No,No,23990,26990,11,3.8,15279,1947
33,HP,15q,Intel,Core i3,7th,4 GB,DDR4,0 GB,1024 GB,Windows,64-bit,0,Casual,15.6,0,No,No,32955,32955,0,4.2,311,27
34,HP,250-G6,Intel,Core i5,7th,4 GB,DDR4,0 GB,1024 GB,Windows,32-bit,2,Casual,15.6,0,No,No,46200,46200,0,4.2,47,7
35,ASUS,Missing,Intel,Core i3,11th,4 GB,DDR4,256 GB,0 GB,Windows,64-bit,0,ThinNlight,14,0,No,No,34429,49990,31,4.1,37,6
36,Lenovo,IdeaPad,Intel,Core i3,10th,8 GB,DDR4,256 GB,0 GB,Windows,32-bit,0,ThinNlight,15.6,2,No,Yes,37990,57990,34,4.3,2080,235
37,ASUS,VivoBook,Intel,Core i3,11th,4 GB,DDR4,256 GB,0 GB,Windows,32-bit,0,Casual,15.6,1,No,Yes,35990,49990,28,4.3,1479,181
38,ASUS,VivoBook,Intel,Core i3,10th,8 GB,DDR4,256 GB,0 GB,Windows,64-bit,0,ThinNlight,14,0,No,No,33980,46990,27,4.4,67,3
39,HP,Missing,Intel,Core i3,11th,8 GB,DDR4,256 GB,0 GB,Windows,64-bit,0,ThinNlight,14,1,No,Yes,39990,50085,20,4.2,273,30
40,DELL,Vostro,Intel,Core i3,10th,8 GB,DDR4,256 GB,0 GB,Windows,64-bit,0,ThinNlight,14,1,No,Yes,39490,43312,8,4.3,1267,171
41,RedmiBook,15,Intel,Core i3,11th,8 GB,DDR4,256 GB,0 GB,Windows,32-bit,0,ThinNlight,15.6,1,No,No,38990,51999,25,4.3,1063,152
42,HP,Pavilion,Intel,Core i3,11th,8 GB,DDR4,256 GB,0 GB,Windows,64-bit,0,Casual,14,1,Yes,Yes,53990,63510,14,4.6,14,0
44,realme,Book,Intel,Core i3,11th,8 GB,DDR4,256 GB,0 GB,Windows,64-bit,0,ThinNlight,14,1,No,Yes,46990,54999,14,4.4,6352,1014
45,ASUS,Missing,Intel,Core i3,11th,8 GB,DDR4,256 GB,0 GB,Windows,64-bit,0,ThinNlight,15.6,1,No,No,37990,52990,28,4.3,284,39
46,ASUS,VivoBook,Intel,Core i3,11th,8 GB,DDR4,256 GB,0 GB,Windows,64-bit,0,Casual,14,1,No,Yes,37890,51990,27,4.6,44,5
47,Lenovo,IdeaPad,Intel,Core i3,11th,8 GB,DDR4,256 GB,0 GB,Windows,64-bit,0,ThinNlight,14,1,No,No,38990,60890,35,4.2,33,4
48,Lenovo,IdeaPad,Intel,Core i3,10th,8 GB,DDR4,256 GB,0 GB,Windows,64-bit,0,ThinNlight,14,0,No,No,37990,57990,34,4.2,286,36
49,DELL,Vostro,Intel,Core i3,11th,8 GB,DDR4,256 GB,0 GB,Windows,64-bit,0,ThinNlight,14.96,1,No,Yes,41990,54510,22,3.6,10,5
50,ASUS,VivoBook,Intel,Core i3,11th,8 GB,DDR4,256 GB,0 GB,Windows,64-bit,0,Casual,15.6,1,No,No,45990,58990,22,4.5,816,147
51,Lenovo,IdeaPad,Intel,Core i3,11th,8 GB,DDR4,256 GB,0 GB,Windows,64-bit,0,ThinNlight,15.6,1,No,No,39990,61590,35,4.3,543,65
52,DELL,Inspiron,Intel,Core i3,11th,8 GB,DDR4,256 GB,0 GB,Windows,64-bit,0,ThinNlight,15.6,0,No,No,42490,59654,28,4.8,9,1
53,Infinix,INBook,Intel,Core i3,10th,8 GB,LPDDR4X,256 GB,0 GB,Windows,64-bit,0,ThinNlight,14,0,No,No,32990,49999,34,4.3,1221,265
54,DELL,Vostro,Intel,Core i3,10th,4 GB,DDR4,256 GB,0 GB,Windows,64-bit,0,ThinNlight,14,1,No,Yes,36990,40614,8,4.3,1178,137
55,Lenovo,Ideapad,Intel,Core i3,11th,8 GB,DDR4,256 GB,0 GB,Windows,64-bit,0,Casual,14,1,Yes,Yes,53990,75490,28,4.4,299,41
56,ASUS,VivoBook,Intel,Core i3,11th,8 GB,DDR4,256 GB,0 GB,Windows,64-bit,0,ThinNlight,14,0,No,No,36990,52990,30,4.4,20,1
57,Lenovo,IdeaPad,Intel,Core i3,10th,4 GB,DDR4,256 GB,0 GB,Windows,64-bit,0,Casual,15.6,2,No,No,38940,48200,19,4.3,758,64
58,DELL,Inspiron,Intel,Core i3,10th,4 GB,DDR4,256 GB,0 GB,Windows,64-bit,0,Casual,15,1,No,Yes,39490,55490,28,4.4,634,64
59,ASUS,VivoBook,Intel,Core i3,11th,8 GB,DDR4,256 GB,0 GB,Windows,64-bit,0,Casual,15.6,1,No,No,45990,58990,22,4.5,816,147
60,Lenovo,Ideapad,Intel,Core i3,10th,8 GB,DDR4,256 GB,0 GB,Windows,64-bit,0,Casual,15.6,2,No,Yes,39999,59999,33,5.0,4,0
61,DELL,Inspiron,Intel,Core i3,11th,8 GB,DDR4,256 GB,0 GB,Windows,64-bit,0,ThinNlight,15.6,1,No,No,42990,56776,24,4.3,17,2
62,DELL,Inspiron,Intel,Core i3,11th,8 GB,DDR4,256 GB,0 GB,Windows,64-bit,0,Casual,14,1,Yes,No,49990,68658,27,4.2,24,5
63,DELL,Vostro,Intel,Core i3,11th,8 GB,DDR4,256 GB,0 GB,Windows,64-bit,0,ThinNlight,14,1,No,Yes,41490,55448,25,4.3,1753,165
64,DELL,Inspiron,Intel,Core i3,11th,8 GB,DDR4,256 GB,0 GB,Windows,64-bit,0,ThinNlight,14.96,0,No,No,41990,57670,27,4.2,216,21
65,Lenovo,Ideapad,Intel,Core i3,11th,8 GB,DDR4,256 GB,0 GB,Windows,64-bit,0,ThinNlight,14,1,No,Yes,41990,57290,26,4.4,1084,160
66,Infinix,INBook,Intel,Core i3,10th,8 GB,LPDDR4X,256 GB,0 GB,Windows,64-bit,0,ThinNlight,14,0,No,No,32990,49999,34,4.3,1221,265
67,ASUS,VivoBook,Intel,Core i3,11th,8 GB,DDR4,256 GB,0 GB,Windows,64-bit,0,Casual,15.6,1,No,No,38490,51990,25,3.8,19,3
68,Lenovo,Missing,Intel,Core i3,11th,4 GB,DDR4,256 GB,0 GB,Windows,64-bit,0,ThinNlight,15,1,No,Yes,38990,51544,24,4.4,106,13
69,Lenovo,ThinkPad,Intel,Core i3,11th,4 GB,DDR4,256 GB,0 GB,Windows,64-bit,0,Casual,15.6,1,No,Yes,44990,59239,24,4.1,42,4
72,HP,Missing,Intel,Core i3,11th,4 GB,DDR4,256 GB,0 GB,Windows,64-bit,0,ThinNlight,Missing,1,No,Yes,44900,51000,11,4.2,1029,107
73,MSI,Missing,Intel,Core i3,10th,4 GB,DDR4,256 GB,0 GB,Windows,64-bit,0,ThinNlight,Missing,0,No,No,38990,53900,27,4.5,53,11
76,Lenovo,Ideapad,Intel,Core i3,10th,4 GB,DDR4,256 GB,0 GB,Windows,64-bit,0,Casual,Missing,1,No,Yes,40200,49999,19,3.9,48,1
77,Lenovo,Missing,Intel,Core i3,10th,4 GB,DDR4,256 GB,0 GB,Windows,32-bit,0,Casual,Missing,0,No,No,40990,56800,27,3.7,3,0
79,realme,Book,Intel,Core i3,11th,4 GB,DDR4,256 GB,0 GB,Windows,64-bit,0,ThinNlight,Missing,1,No,Yes,47999,54999,12,4.4,6352,1014
80,acer,Chromebook,Intel,Celeron Dual,Missing,4 GB,DDR4,0 GB,512 GB,Windows,32-bit,0,Casual,Missing,0,No,No,23990,27000,11,3.3,61,4
81,DELL,Missing,Intel,Core i3,11th,4 GB,DDR4,256 GB,0 GB,Windows,64-bit,0,Casual,Missing,0,Yes,No,71999,72246,0,4.3,97,13
82,ASUS,VivoBook,Intel,Core i3,11th,4 GB,DDR4,256 GB,0 GB,Windows,64-bit,0,Casual,Missing,1,No,No,39990,52990,24,4.4,181,19
83,Lenovo,IdeaPad,Intel,Core i3,10th,4 GB,DDR4,256 GB,0 GB,Windows,64-bit,0,Casual,Missing,1,No,Yes,41998,56590,25,4.4,529,39
87,Lenovo,Ideapad,Intel,Core i3,11th,4 GB,DDR4,256 GB,0 GB,Windows,64-bit,0,Casual,Missing,0,No,No,39998,60090,33,4.2,10,1
88,HP,14s,Intel,Core i3,11th,4 GB,DDR4,256 GB,0 GB,Windows,64-bit,0,ThinNlight,Missing,1,No,Yes,42490,45892,7,4.4,5205,561
89,Lenovo,Missing,Intel,Core i3,10th,4 GB,DDR4,256 GB,0 GB,Windows,32-bit,0,Casual,Missing,0,No,No,41990,49800,15,3.7,3,0
91,HP,Missing,Intel,Core i3,11th,4 GB,DDR4,256 GB,0 GB,Windows,64-bit,0,ThinNlight,Missing,1,No,Yes,44376,45376,2,4.2,1090,96
94,Lenovo,Missing,Intel,Core i3,10th,4 GB,DDR4,256 GB,0 GB,Windows,32-bit,0,Casual,Missing,0,No,No,40990,48900,16,5.0,1,1
95,DELL,Inspiron,Intel,Core i3,10th,4 GB,DDR4,256 GB,0 GB,Windows,64-bit,0,ThinNlight,Missing,1,No,No,39990,49821,19,4.0,44,2
97,ASUS,VivoBook,Intel,Core i3,11th,4 GB,DDR4,256 GB,0 GB,Windows,64-bit,0,ThinNlight,Missing,1,No,No,36990,44990,17,4.5,70,9
100,ASUS,Chromebook,Intel,Celeron Dual,Missing,4 GB,LPDDR4,0 GB,512 GB,Windows,32-bit,0,Casual,Missing,0,No,No,23490,29990,21,4.2,632,92
101,HP,Pavilion,Intel,Core i3,8th,4 GB,DDR4,256 GB,0 GB,Windows,64-bit,0,Casual,14,1,Yes,Yes,54238,54238,0,4.4,71,8
102,ASUS,VivoBook,Intel,Core i3,10th,8 GB,DDR4,512 GB,0 GB,Windows,64-bit,0,Casual,15.6,1,No,No,37990,50990,25,4.3,990,108
103,HP,Missing,Intel,Core i3,11th,8 GB,DDR4,512 GB,0 GB,Windows,64-bit,0,ThinNlight,15.6,1,No,Yes,42990,57330,25,4.4,158,18
104,HP,Missing,Intel,Core i3,11th,8 GB,DDR4,512 GB,0 GB,Windows,64-bit,0,ThinNlight,15.6,1,No,Yes,42990,49590,13,4.3,681,59
105,ASUS,VivoBook,Intel,Core i3,10th,4 GB,DDR4,512 GB,0 GB,Windows,64-bit,0,Casual,15.6,1,No,No,35990,49990,28,4.4,130,12
106,RedmiBook,15,Intel,Core i3,11th,8 GB,DDR4,512 GB,0 GB,Windows,32-bit,0,ThinNlight,15.6,1,No,No,42990,55999,23,4.3,1063,152
107,ASUS,VivoBook,Intel,Core i3,11th,8 GB,DDR4,512 GB,0 GB,Windows,64-bit,0,Casual,14,1,No,No,42990,57990,25,4.3,30,4
108,ASUS,VivoBook,Intel,Core i3,11th,8 GB,LPDDR4X,512 GB,0 GB,Windows,32-bit,0,Casual,14,1,Yes,Yes,51990,67990,23,4.7,6,2
109,ASUS,VivoBook,Intel,Core i3,11th,8 GB,DDR4,512 GB,0 GB,Windows,64-bit,0,Casual,15.6,1,No,No,48990,62990,22,4.5,174,30
110,ASUS,VivoBook,Intel,Core i3,11th,8 GB,DDR4,512 GB,0 GB,Windows,64-bit,0,Casual,14,1,No,No,42990,57990,25,4.5,40,7
111,Lenovo,Missing,Intel,Core i3,10th,8 GB,DDR4,512 GB,0 GB,Windows,64-bit,0,ThinNlight,15.6,1,No,No,38990,62190,37,3.9,13,1
112,DELL,Inspiron,Intel,Core i3,11th,8 GB,DDR4,512 GB,0 GB,Windows,64-bit,0,ThinNlight,14.96,0,No,No,45990,60908,24,4.3,184,29
113,HP,Missing,Intel,Core i3,10th,8 GB,DDR4,512 GB,0 GB,Windows,64-bit,0,ThinNlight,15.6,1,No,Yes,42490,50294,15,4.3,1296,126
114,HP,Missing,Intel,Core i3,11th,8 GB,DDR4,512 GB,0 GB,Windows,64-bit,0,ThinNlight,15.6,1,No,Yes,43970,50196,12,4.3,571,56
115,ASUS,Missing,Intel,Core i3,10th,4 GB,DDR4,512 GB,0 GB,Windows,64-bit,0,ThinNlight,15.6,1,No,Yes,39990,49990,20,4.3,2551,297
116,MSI,Missing,Intel,Core i3,11th,8 GB,DDR4,512 GB,0 GB,Windows,64-bit,0,ThinNlight,14,0,No,No,48990,49590,1,4.5,17,3
117,HP,Pavilion,Intel,Core i3,11th,8 GB,DDR4,512 GB,0 GB,Windows,64-bit,0,Casual,14,1,No,Yes,54990,69267,20,4.5,35,3
118,MSI,Missing,Intel,Core i3,10th,8 GB,DDR4,512 GB,0 GB,Windows,64-bit,0,ThinNlight,14,0,No,No,40990,55990,26,4.4,118,17
120,Lenovo,IdeaPad,Intel,Core i3,11th,8 GB,DDR4,512 GB,0 GB,Windows,64-bit,0,ThinNlight,14,1,Yes,No,54990,79690,30,4.5,245,34
121,ASUS,VivoBook,Intel,Core i3,11th,8 GB,DDR4,512 GB,0 GB,Windows,64-bit,0,Casual,14,1,No,Yes,44990,46390,3,4.4,2058,305
122,HP,Missing,Intel,Core i3,11th,8 GB,DDR4,512 GB,0 GB,Windows,64-bit,0,Casual,15.6,1,No,No,41250,46602,11,4.1,117,11
124,ASUS,VivoBook,Intel,Core i3,11th,8 GB,DDR4,512 GB,0 GB,Windows,64-bit,0,Casual,14,1,No,No,42990,57990,25,4.7,74,11
125,DELL,Missing,Intel,Core i3,11th,8 GB,DDR4,512 GB,0 GB,Windows,64-bit,0,Casual,14,1,Yes,No,60790,78307,22,4.4,10,1
126,HP,Missing,Intel,Core i3,11th,8 GB,DDR4,512 GB,0 GB,Windows,64-bit,0,Casual,15.6,0,No,No,45650,55202,17,4.1,39,4
127,DELL,Vostro,Intel,Core i3,10th,8 GB,DDR4,512 GB,0 GB,Windows,64-bit,0,ThinNlight,14,1,No,Yes,41990,49826,15,3.9,29,7
128,DELL,Inspiron,Intel,Core i3,10th,8 GB,DDR4,512 GB,0 GB,Windows,64-bit,0,ThinNlight,15.6,1,No,No,45490,60046,24,4.2,43,4
130,Lenovo,IdeaPad,Intel,Core i3,11th,8 GB,DDR4,512 GB,0 GB,Windows,64-bit,0,ThinNlight,15.6,2,No,Yes,42990,63790,32,4.4,984,99
131,HP,15s,Intel,Core i3,11th,4 GB,DDR4,512 GB,0 GB,Windows,64-bit,0,ThinNlight,Missing,1,No,Yes,45490,46990,3,4.3,523,66
132,HP,Missing,Intel,Core i3,10th,4 GB,DDR4,512 GB,0 GB,Windows,32-bit,0,Casual,Missing,0,No,No,38799,47916,19,4.4,30,1
135,HP,Missing,Intel,Core i3,11th,4 GB,DDR4,512 GB,0 GB,Windows,64-bit,0,ThinNlight,Missing,1,No,Yes,47990,51165,6,4.3,1605,215
136,ASUS,VivoBook,Intel,Core i3,10th,4 GB,DDR4,512 GB,0 GB,Windows,64-bit,0,Casual,Missing,1,No,No,40990,49990,18,4.4,4008,519
137,ASUS,Missing,Intel,Core i3,10th,4 GB,DDR4,512 GB,0 GB,Windows,64-bit,0,ThinNlight,Missing,1,No,Yes,42990,50990,15,4.4,1869,234
138,ASUS,VivoBook,Intel,Core i3,11th,4 GB,DDR4,512 GB,0 GB,Windows,64-bit,0,Casual,Missing,1,No,No,44890,56999,21,3.9,7,0
139,ASUS,VivoBook,Intel,Core i3,10th,4 GB,DDR4,512 GB,0 GB,Windows,64-bit,0,Casual,Missing,1,No,No,41490,49990,17,4.4,4008,519
141,HP,Missing,Intel,Core i3,11th,4 GB,DDR4,512 GB,0 GB,Windows,64-bit,0,ThinNlight,Missing,1,No,Yes,48900,50000,2,4.3,1278,135
142,ASUS,VivoBook,Intel,Core i3,10th,4 GB,DDR4,512 GB,0 GB,Windows,64-bit,0,Casual,Missing,1,No,No,40990,49990,18,4.4,4008,519
144,Lenovo,Ideapad,Intel,Core i3,11th,4 GB,DDR4,512 GB,0 GB,Windows,64-bit,0,Casual,Missing,1,Yes,Yes,57999,85000,31,3.4,10,2
146,HP,Pavilion,Intel,Core i3,11th,8 GB,DDR4,512 GB,0 GB,Windows,64-bit,0,Casual,14,1,Yes,Yes,55490,65853,15,4.3,143,15
147,ASUS,VivoBook,Intel,Core i3,10th,8 GB,DDR4,0 GB,1024 GB,Windows,64-bit,0,Casual,14.1,1,No,No,32890,46990,30,3.9,28,4
148,Lenovo,IdeaPad,Intel,Core i3,10th,8 GB,DDR4,0 GB,1024 GB,Windows,64-bit,0,ThinNlight,15.6,1,No,Yes,35990,57290,37,4.0,2124,233
149,DELL,Inspiron,Intel,Core i3,11th,8 GB,DDR4,0 GB,1024 GB,Windows,64-bit,0,ThinNlight,15.6,0,No,No,42490,50693,16,4.0,276,40
150,DELL,Vostro,Intel,Core i3,11th,8 GB,DDR4,0 GB,1024 GB,Windows,64-bit,0,ThinNlight,14,0,No,No,42190,44780,5,3.9,250,21
151,DELL,Vostro,Intel,Core i3,10th,8 GB,DDR4,0 GB,1024 GB,Windows,64-bit,0,ThinNlight,14,1,No,Yes,39490,54517,27,4.0,1917,189
152,HP,15s,Intel,Core i3,11th,8 GB,DDR4,0 GB,1024 GB,Windows,64-bit,0,ThinNlight,15.6,1,No,Yes,43690,48933,10,4.1,4999,490
153,ASUS,VivoBook,Intel,Core i3,10th,4 GB,DDR4,0 GB,1024 GB,Windows,64-bit,0,Casual,15.6,1,No,No,35990,48990,26,3.8,17,0
154,DELL,3000,Intel,Core i3,11th,8 GB,DDR4,0 GB,1024 GB,Windows,32-bit,0,Casual,15.6,0,No,No,43800,55506,21,4.2,17,0
156,ASUS,VivoBook,Intel,Core i3,10th,4 GB,DDR4,0 GB,1024 GB,Windows,64-bit,0,ThinNlight,15.6,1,No,No,34990,40990,14,3.7,4203,490
157,ASUS,VivoBook,Intel,Core i3,11th,8 GB,DDR4,0 GB,1024 GB,Windows,64-bit,0,Casual,15.6,1,No,No,38900,51990,25,3.9,13,0
158,DELL,Inspiron,Intel,Core i3,10th,4 GB,DDR4,0 GB,1024 GB,Windows,64-bit,0,ThinNlight,Missing,1,No,No,39990,55534,27,3.8,15,1
159,DELL,INSPIRON,Intel,Core i3,10th,4 GB,DDR4,0 GB,1024 GB,Windows,32-bit,0,Casual,Missing,0,No,No,40890,45990,11,4.0,527,46
160,Lenovo,Missing,Intel,Core i3,10th,4 GB,DDR4,0 GB,1024 GB,Windows,64-bit,0,ThinNlight,Missing,1,No,No,36990,57990,36,3.7,103,10
161,HP,15s,Intel,Core i3,11th,4 GB,DDR4,0 GB,1024 GB,Windows,64-bit,0,ThinNlight,Missing,1,No,Yes,39990,45514,12,3.9,324,45
162,HP,Missing,Intel,Core i3,11th,4 GB,DDR4,0 GB,1024 GB,Windows,64-bit,0,ThinNlight,Missing,1,No,Yes,41990,47264,11,4.0,69,5
163,DELL,Missing,Intel,Core i3,11th,4 GB,DDR4,0 GB,1024 GB,Windows,32-bit,0,Casual,Missing,0,No,No,43970,46138,4,3.9,16,0
164,HP,Notebook,Intel,Core i3,11th,4 GB,DDR4,0 GB,1024 GB,Windows,64-bit,0,ThinNlight,Missing,1,No,No,39790,43296,8,3.9,40,3
165,ASUS,Missing,Intel,Core i3,10th,4 GB,DDR4,0 GB,1024 GB,Windows,32-bit,0,ThinNlight,Missing,0,No,No,35590,45990,22,3.4,12,1
166,HP,14s,Intel,Core i3,10th,4 GB,DDR4,0 GB,1024 GB,Windows,64-bit,0,ThinNlight,Missing,1,No,Yes,36490,42787,14,3.8,1146,175
167,ASUS,VivoBook,Intel,Core i3,10th,4 GB,DDR4,0 GB,1024 GB,Windows,64-bit,0,ThinNlight,Missing,1,No,Yes,38990,45990,15,4.0,1850,216
168,ASUS,Missing,Intel,Core i3,10th,4 GB,DDR4,0 GB,1024 GB,Windows,32-bit,0,ThinNlight,Missing,0,No,No,33990,39990,15,3.7,43,7
169,DELL,Inspiron,Intel,Core i3,10th,4 GB,DDR4,0 GB,1024 GB,Windows,64-bit,0,Casual,Missing,1,No,Yes,43400,49000,11,4.1,231,26
170,ASUS,Chromebook,Intel,Celeron Dual,Missing,4 GB,LPDDR4,0 GB,512 GB,Windows,32-bit,0,Casual,Missing,0,No,No,24990,30990,19,4.2,502,93
171,HP,15s,Intel,Core i3,10th,4 GB,DDR4,0 GB,1024 GB,Windows,64-bit,0,ThinNlight,Missing,1,No,Yes,40750,43090,5,4.1,1096,116
172,DELL,Inspiron,Intel,Core i3,10th,4 GB,DDR4,0 GB,1024 GB,Windows,64-bit,0,ThinNlight,Missing,1,No,Yes,43000,46629,7,4.1,313,35
173,ASUS,Vivo,Intel,Core i3,10th,4 GB,DDR4,0 GB,1024 GB,Windows,64-bit,0,Casual,Missing,0,No,No,38000,42990,11,4.7,7,0
174,DELL,Inspiron,Intel,Core i3,11th,8 GB,DDR4,0 GB,1024 GB,Windows,64-bit,0,ThinNlight,14.96,1,No,Yes,37990,51493,26,3.7,265,46
175,HP,DA,Intel,Core i3,7th,8 GB,DDR4,0 GB,1024 GB,Windows,64-bit,2,Casual,15.6,0,No,No,49279,49279,0,4.5,38,3
176,Lenovo,Missing,Intel,Core i3,10th,8 GB,DDR4,0 GB,1024 GB,Windows,32-bit,0,Casual,15.6,0,No,No,38999,50990,23,3.6,7,2
177,ASUS,Missing,Intel,Core i3,11th,8 GB,DDR4,0 GB,1024 GB,Windows,32-bit,0,Casual,15.6,0,No,No,41500,51990,20,3.0,4,0
180,ASUS,Chromebook,Intel,Celeron Dual,Missing,4 GB,LPDDR4,0 GB,512 GB,Windows,32-bit,0,Casual,Missing,0,No,No,21490,25990,17,3.9,818,113
181,DELL,Insprion,Intel,Core i3,11th,8 GB,DDR4,0 GB,1024 GB,Windows,32-bit,0,Casual,15.6,0,No,No,41480,48990,15,3.8,25,4
182,ASUS,VivoBook,Intel,Core i3,10th,8 GB,DDR4,0 GB,1024 GB,Windows,64-bit,0,Casual,15.6,0,No,No,32990,43990,25,2.0,12,0
183,ASUS,VivoBook,Intel,Core i3,11th,8 GB,DDR4,0 GB,1024 GB,Windows,64-bit,0,Casual,15.6,1,No,No,38680,51990,25,3.2,17,1
184,ASUS,Chromebook,Intel,Celeron Dual,Missing,4 GB,LPDDR4,0 GB,512 GB,Windows,32-bit,0,Casual,Missing,0,No,No,23990,29990,20,4.1,974,170
185,DELL,Missing,Intel,Core i3,10th,8 GB,DDR4,0 GB,1024 GB,Windows,64-bit,0,ThinNlight,14.96,0,No,No,40390,54992,26,3.2,83,15
186,ASUS,VivoBook,Intel,Core i3,10th,4 GB,DDR4,0 GB,1024 GB,Windows,64-bit,0,ThinNlight,14.1,0,No,No,33990,39990,15,3.4,31,6
187,ASUS,Chromebook,Intel,Celeron Dual,Missing,4 GB,LPDDR4,0 GB,512 GB,Windows,32-bit,0,Casual,Missing,0,No,No,20490,24990,18,3.9,637,91
188,DELL,Vostro,Intel,Core i3,10th,8 GB,DDR4,256 GB,1024 GB,Windows,64-bit,0,ThinNlight,15.6,1,No,Yes,41490,54782,24,5.0,7,5
189,DELL,Inspiron,Intel,Core i3,11th,8 GB,DDR4,256 GB,1024 GB,Windows,64-bit,0,Casual,15.6,0,No,No,45490,60371,24,4.3,207,16
190,DELL,Inspiron,Intel,Core i3,11th,8 GB,DDR4,256 GB,1024 GB,Windows,64-bit,0,Casual,15.6,0,No,No,44490,57479,22,4.3,844,103
191,ASUS,VivoBook,Intel,Core i3,11th,8 GB,DDR4,256 GB,1024 GB,Windows,64-bit,0,Casual,14.1,1,No,Yes,41890,57990,27,4.2,53,6
192,DELL,Vostro,Intel,Core i3,11th,4 GB,DDR4,256 GB,1024 GB,Windows,64-bit,0,ThinNlight,14,1,No,Yes,42990,43126,0,4.1,62,7
193,acer,Travelmate,Intel,Core i3,11th,8 GB,DDR4,256 GB,1024 GB,Windows,64-bit,0,Casual,14,0,No,No,40990,60000,31,4.2,38,2
194,DELL,Inspiron,Intel,Core i3,11th,8 GB,DDR4,256 GB,1024 GB,Windows,64-bit,0,ThinNlight,15.6,1,No,No,48990,59990,18,4.1,724,92
196,DELL,Inspiron,Intel,Core i3,10th,4 GB,DDR4,256 GB,1024 GB,Windows,64-bit,0,Casual,Missing,1,No,No,44690,60122,25,4.3,9,0
200,DELL,Vostro,Intel,Core i3,10th,4 GB,DDR4,256 GB,1024 GB,Windows,64-bit,0,ThinNlight,Missing,1,No,Yes,41390,51976,20,4.2,56,7
203,DELL,Vostro,Intel,Core i3,11th,4 GB,DDR4,256 GB,1024 GB,Windows,64-bit,0,ThinNlight,Missing,1,No,Yes,39990,45810,12,3.9,170,11
204,DELL,Missing,Intel,Core i3,10th,8 GB,DDR4,256 GB,1024 GB,Windows,64-bit,0,ThinNlight,15.6,0,No,No,46390,59101,21,2.9,95,5
205,ASUS,Chromebook,Intel,Celeron Dual,Missing,4 GB,LPDDR4,0 GB,512 GB,Windows,64-bit,0,Casual,Missing,0,No,No,18990,22990,17,3.6,197,25
206,ASUS,Chromebook,Intel,Celeron Dual,Missing,4 GB,LPDDR4,0 GB,512 GB,Windows,32-bit,0,Casual,Missing,0,No,No,17990,21990,18,3.6,1180,148
207,HP,14a,Intel,Celeron Dual,Missing,4 GB,DDR4,0 GB,512 GB,Windows,64-bit,0,Casual,Missing,0,No,No,26470,31532,16,3.6,232,23
208,HP,Chromebook,Intel,Celeron Dual,Missing,4 GB,DDR4,0 GB,512 GB,Windows,64-bit,0,Casual,Missing,0,No,No,27990,31532,11,3.8,596,65
209,Lenovo,Celeron,Intel,Celeron Dual,Missing,4 GB,DDR4,0 GB,1024 GB,Windows,32-bit,0,Casual,15.6,0,No,No,29999,37400,19,3.3,19,1
210,Lenovo,IdeaPad,Intel,Celeron Dual,Missing,4 GB,LPDDR4X,0 GB,512 GB,Windows,64-bit,0,Casual,Missing,0,No,No,25990,40490,35,3.7,84,16
211,Lenovo,IdeaPad,Intel,Celeron Dual,Missing,4 GB,LPDDR4,0 GB,512 GB,Windows,32-bit,0,Casual,Missing,0,No,No,16990,24840,31,3.4,414,54
212,Lenovo,IdeaPad,Intel,Celeron Dual,Missing,4 GB,LPDDR4,0 GB,512 GB,Windows,32-bit,0,Casual,Missing,0,No,No,24990,34890,28,2.8,70,16
214,acer,Aspire,Intel,Core i5,Missing,8 GB,DDR5,0 GB,512 GB,Windows,32-bit,4,Casual,Missing,0,No,No,50990,89999,43,4.4,10966,1185
215,acer,Spin,Intel,Core i5,Missing,8 GB,LPDDR4,0 GB,512 GB,Windows,32-bit,0,Casual,Missing,1,No,No,119990,124900,3,4.0,1,1
216,acer,Swift,Intel,Core i5,10th,8 GB,LPDDR4,0 GB,512 GB,DOS,32-bit,0,Casual,Missing,0,No,No,94190,124999,24,4.3,31,6
217,ASUS,ROG,Intel,Core i5,10th,8 GB,LPDDR4,0 GB,512 GB,DOS,32-bit,4,Casual,Missing,0,No,No,106167,120990,12,4.5,1881,241
218,DELL,Missing,Intel,Core i5,10th,8 GB,LPDDR4,0 GB,512 GB,DOS,32-bit,4,Casual,Missing,1,No,No,68090,69500,2,1.6,23,4
220,HP,15s,Intel,Core i5,10th,8 GB,LPDDR4,0 GB,512 GB,DOS,32-bit,0,ThinNlight,Missing,0,No,No,55990,63179,11,4.0,818,109
222,lenovo,Ideapad,Intel,Core i5,10th,8 GB,LPDDR4,0 GB,512 GB,DOS,32-bit,0,Casual,Missing,0,No,No,72990,90000,18,4.2,204,19
223,Lenovo,Ideapad,Intel,Core i5,10th,8 GB,LPDDR4,0 GB,512 GB,DOS,32-bit,2,Casual,Missing,0,No,No,46990,62290,24,4.2,4428,569
224,MICROSOFT,Surface,Intel,Core i5,10th,8 GB,LPDDR4X,128 GB,0 GB,Windows,64-bit,0,Casual,Missing,0,Yes,No,100190,104999,4,4.4,56,8
225,Smartron,t.book,Intel,Core i5,7th,8 GB,DDR3,128 GB,0 GB,Windows,64-bit,0,Casual,Missing,0,Yes,No,52990,55999,5,3.5,30,9
226,MICROSOFT,Surface,Intel,Core i5,8th,8 GB,DDR3,128 GB,0 GB,Windows,64-bit,0,Casual,Missing,0,Yes,No,91999,91999,0,4.5,49,8
227,Smartron,t.book,Intel,Core i5,7th,4 GB,DDR3,128 GB,0 GB,Windows,64-bit,0,Casual,12.2,0,Yes,No,52990,55999,5,3.9,28,4
228,HP,Pavilion,Intel,Core i5,8th,8 GB,DDR4,128 GB,0 GB,Windows,64-bit,0,ThinNlight,13.3,1,No,No,76012,76012,0,4.3,129,16
229,Lenovo,Ideapad,Intel,Core i5,11th,8 GB,DDR4,256 GB,0 GB,Windows,64-bit,0,Casual,15.6,2,No,Yes,49490,75390,34,4.3,365,35
230,lenovo,Yoga,Intel,Core i5,10th,8 GB,LPDDR4,0 GB,512 GB,DOS,32-bit,0,Casual,Missing,0,No,No,102990,139890,26,4.6,79,14
231,acer,Swift,Intel,Core i5,7th,8 GB,DDR3,256 GB,0 GB,Windows,64-bit,0,ThinNlight,Missing,1,No,Yes,86867,99999,13,4.4,39,3
232,LG,Gram,Intel,Core i5,10th,8 GB,DDR4,256 GB,0 GB,Windows,64-bit,0,Casual,Missing,0,No,No,76990,104000,25,4.5,15,7
235,LG,Gram,Intel,Core i5,10th,8 GB,DDR4,256 GB,0 GB,Windows,64-bit,0,Casual,Missing,0,No,No,62990,99000,36,4.6,68,20
236,DELL,Inspiron,Intel,Core i5,11th,8 GB,DDR4,256 GB,0 GB,Windows,64-bit,0,ThinNlight,Missing,0,No,No,55990,71578,21,3.3,3,0
237,acer,Swift,Intel,Core i5,8th,8 GB,DDR3,256 GB,0 GB,Windows,64-bit,0,ThinNlight,Missing,1,Yes,Yes,81998,82799,0,4.0,14,3
240,acer,Swift,Intel,Core i5,8th,8 GB,DDR4,256 GB,0 GB,Windows,64-bit,0,ThinNlight,13.3,1,No,No,59490,65546,9,3.5,33,7
242,Lenovo,Ideapad,Intel,Core i5,11th,8 GB,DDR4,256 GB,0 GB,Windows,64-bit,0,Casual,15.6,1,No,Yes,61999,68999,10,2.8,4,0
243,HP,Missing,Intel,Core i5,11th,8 GB,DDR4,512 GB,0 GB,Windows,64-bit,0,ThinNlight,15.6,0,No,No,54990,70171,21,4.2,116,15
244,HP,Missing,Intel,Core i5,11th,8 GB,DDR4,512 GB,0 GB,Windows,64-bit,0,ThinNlight,15.6,1,No,No,53990,70171,23,4.1,206,17
245,Lenovo,Ideapad,Intel,Core i5,11th,8 GB,DDR4,512 GB,0 GB,Windows,64-bit,0,Casual,14,2,No,Yes,52990,74390,28,4.2,300,24
246,HP,Pavilion,Intel,Core i5,11th,16 GB,DDR4,512 GB,0 GB,Windows,64-bit,0,ThinNlight,14,1,No,Yes,67990,78294,13,4.5,108,6
247,ASUS,TUF,Intel,Core i5,10th,8 GB,DDR4,512 GB,0 GB,Windows,64-bit,4,Gaming,15.6,1,No,No,57990,81990,29,4.5,3712,412
248,Lenovo,Ideapad,Intel,Core i5,11th,16 GB,DDR4,512 GB,0 GB,Windows,64-bit,0,ThinNlight,15.6,1,No,Yes,62300,101390,38,4.4,825,95
249,realme,Book(Slim),Intel,Core i5,11th,8 GB,DDR4,512 GB,0 GB,Windows,64-bit,0,Casual,14,1,No,Yes,52990,69999,24,4.4,3470,505
251,Lenovo,IdeaPad,Intel,Core i5,11th,8 GB,DDR4,512 GB,0 GB,Windows,64-bit,0,ThinNlight,15.6,2,No,Yes,51990,88990,41,4.2,85,4
252,Lenovo,IdeaPad,Intel,Core i5,11th,16 GB,DDR4,512 GB,0 GB,Windows,64-bit,0,ThinNlight,14,0,No,No,61990,97890,36,4.2,56,7
253,RedmiBook,Pro,Intel,Core i5,11th,8 GB,DDR4,512 GB,0 GB,Windows,32-bit,0,ThinNlight,15.6,1,No,No,48990,59990,18,4.2,1708,242
254,ASUS,VivoBook,Intel,Core i5,11th,8 GB,LPDDR4X,512 GB,0 GB,Windows,32-bit,0,Casual,14,1,Yes,Yes,63990,82990,22,4.6,10,1
255,Lenovo,ThinkPad,Intel,Core i5,11th,8 GB,DDR4,512 GB,0 GB,Windows,64-bit,0,Casual,15.6,1,No,Yes,65990,78109,15,4.6,17,4
256,Nokia,PureBook,Intel,Core i5,10th,8 GB,DDR4,512 GB,0 GB,Windows,64-bit,0,ThinNlight,14,0,No,No,47990,90000,46,4.4,1119,242
257,acer,Aspire,Intel,Core i5,11th,8 GB,DDR4,512 GB,0 GB,Windows,64-bit,0,ThinNlight,15.6,1,No,No,52990,75999,30,4.2,155,20
259,ASUS,ASUS,Intel,Core i5,11th,8 GB,DDR4,512 GB,0 GB,Windows,64-bit,4,Gaming,17.3,0,No,No,71990,115990,37,4.4,91,17
260,ASUS,VivoBook,Intel,Core i5,10th,8 GB,DDR4,512 GB,0 GB,Windows,64-bit,0,Casual,15.6,1,No,No,47990,62990,23,4.0,35,2
261,Nokia,PureBook,Intel,Core i5,10th,8 GB,DDR4,512 GB,0 GB,Windows,64-bit,0,ThinNlight,14,0,No,No,45990,74990,38,4.7,6,1
262,Lenovo,IdeaPad,Intel,Core i5,10th,8 GB,DDR4,512 GB,0 GB,Windows,32-bit,0,ThinNlight,15.6,2,No,Yes,48490,64290,24,4.3,126,13
263,ASUS,ASUS,Intel,Core i5,11th,8 GB,DDR4,512 GB,0 GB,Windows,64-bit,4,Gaming,17.3,0,No,No,72990,105990,31,4.5,74,10
264,MSI,Katana,Intel,Core i5,11th,16 GB,DDR4,512 GB,0 GB,Windows,64-bit,4,Casual,15.6,2,No,No,76990,106990,28,4.6,75,17
265,ASUS,TUF,Intel,Core i5,11th,16 GB,DDR4,512 GB,0 GB,Windows,64-bit,6,Gaming,15.6,1,No,Yes,89990,129990,30,4.6,124,17
266,MSI,GF63,Intel,Core i5,10th,8 GB,DDR4,512 GB,0 GB,Windows,64-bit,4,Casual,15.6,2,No,No,59990,83990,28,4.5,1597,228
267,ASUS,TUF,Intel,Core i5,10th,8 GB,DDR4,512 GB,0 GB,Windows,64-bit,4,Gaming,15.6,1,No,Yes,65990,89990,26,4.4,3850,378
268,DELL,Inspiron,Intel,Core i5,11th,8 GB,DDR4,512 GB,0 GB,Windows,64-bit,0,Casual,14,0,Yes,No,71990,94201,23,4.7,7,1
269,DELL,Inspiron,Intel,Core i5,11th,8 GB,DDR4,512 GB,0 GB,Windows,64-bit,0,Casual,14,0,Yes,No,71890,92549,22,4.3,3,0
272,HP,Missing,Intel,Core i5,11th,8 GB,DDR4,512 GB,0 GB,Windows,64-bit,0,ThinNlight,15.6,0,No,No,55999,66050,15,4.8,5,1
273,ASUS,VivoBook,Intel,Core i5,11th,16 GB,DDR4,512 GB,0 GB,Windows,64-bit,4,Casual,14,1,No,No,73490,110990,33,4.5,213,45
274,HP,Pavilion,Intel,Core i5,11th,16 GB,DDR4,512 GB,0 GB,Windows,64-bit,0,ThinNlight,14,1,No,Yes,74490,85359,12,4.3,10,0
275,HP,Pavilion,Intel,Core i5,11th,8 GB,DDR4,512 GB,0 GB,Windows,64-bit,0,ThinNlight,14,1,No,Yes,58340,74839,22,4.0,69,6
276,acer,Aspire,Intel,Core i5,11th,8 GB,DDR4,512 GB,0 GB,Windows,64-bit,0,ThinNlight,14,1,No,No,55999,75999,26,4.5,6,0
277,DELL,Inspiron,Intel,Core i5,11th,16 GB,DDR4,512 GB,0 GB,Windows,64-bit,0,ThinNlight,14,0,No,No,67990,89849,24,4.4,93,9
278,ASUS,VivoBook,Intel,Core i5,11th,16 GB,DDR4,512 GB,0 GB,Windows,64-bit,0,Casual,14,1,No,No,59990,80990,25,4.5,11,2
279,ASUS,TUF,Intel,Core i5,11th,16 GB,DDR4,512 GB,0 GB,Windows,64-bit,6,Casual,15.6,1,No,Yes,82990,104990,20,4.4,262,31
281,DELL,Missing,Intel,Core i5,11th,16 GB,DDR4,512 GB,0 GB,Windows,64-bit,0,ThinNlight,14,0,No,No,70090,89395,21,4.0,5,1
282,realme,Book(Slim),Intel,Core i5,11th,8 GB,DDR4,512 GB,0 GB,Windows,64-bit,0,Casual,14,1,No,Yes,60999,69999,12,4.4,3470,505
283,ASUS,Missing,Intel,Core i5,10th,8 GB,DDR4,512 GB,0 GB,Windows,64-bit,2,ThinNlight,15.6,1,No,No,49990,64990,23,4.1,45,3
284,MSI,Missing,Intel,Core i5,11th,8 GB,DDR4,512 GB,0 GB,Windows,64-bit,0,ThinNlight,14,0,No,No,55490,66990,17,3.9,8,1
285,HP,Spectre,Intel,Core i5,11th,8 GB,LPDDR4X,512 GB,0 GB,Windows,64-bit,0,Casual,13.3,0,Yes,No,97990,114749,14,5.0,3,1
286,ASUS,VivoBook,Intel,Core i5,9th,8 GB,DDR4,512 GB,0 GB,Windows,64-bit,4,Gaming,15.6,1,No,Yes,54990,76990,28,4.4,1681,227
287,Lenovo,Thinkbook,Intel,Core i5,11th,8 GB,DDR4,512 GB,0 GB,Windows,64-bit,0,ThinNlight,15,1,No,Yes,59990,115167,47,4.3,37,2
288,Lenovo,IdeaPad,Intel,Core i5,11th,8 GB,DDR4,512 GB,0 GB,Windows,64-bit,0,ThinNlight,15.6,1,No,Yes,53990,79890,32,4.2,61,2
289,HP,Pavilion,Intel,Core i5,11th,16 GB,DDR4,512 GB,0 GB,Windows,64-bit,0,ThinNlight,14,1,No,Yes,66999,79445,15,4.4,17,1
290,acer,Intel,Intel,Core i5,11th,8 GB,LPDDR4X,512 GB,0 GB,Windows,64-bit,0,ThinNlight,14,1,No,Yes,60990,89999,32,4.4,17,1
291,ASUS,Missing,Intel,Core i5,10th,8 GB,DDR4,512 GB,0 GB,Windows,64-bit,0,ThinNlight,15.6,1,No,Yes,47990,62990,23,4.3,1625,152
292,HP,Missing,Intel,Core i5,11th,8 GB,DDR4,512 GB,0 GB,Windows,32-bit,0,ThinNlight,14,1,No,Yes,59999,81684,26,4.0,4,1
295,HP,Pavilion,Intel,Core i5,11th,8 GB,DDR4,512 GB,0 GB,Windows,64-bit,0,ThinNlight,15.6,1,No,Yes,63990,77327,17,4.7,17,1
299,HP,Pavilion,Intel,Core i5,11th,8 GB,DDR4,512 GB,0 GB,Windows,64-bit,0,ThinNlight,15.6,1,No,Yes,63990,75023,14,4.7,3,0
303,Lenovo,Thinkbook,Intel,Core i5,11th,8 GB,DDR4,512 GB,0 GB,Windows,64-bit,0,Casual,14,3,Yes,Yes,64990,151557,57,4.0,48,12
304,Lenovo,Legion,Intel,Core i5,10th,8 GB,DDR4,512 GB,0 GB,Windows,64-bit,4,Casual,15.6,1,No,Yes,66490,93690,29,4.4,282,36
306,Lenovo,Ideapad,Intel,Core i5,11th,16 GB,DDR4,512 GB,0 GB,Windows,64-bit,2,Casual,15.6,1,No,Yes,70990,104890,32,4.2,67,4
307,Infinix,INBook,Intel,Core i5,10th,8 GB,LPDDR4X,512 GB,0 GB,Windows,64-bit,0,ThinNlight,14,0,No,No,42490,59999,29,4.1,383,65
310,DELL,Inspiron,Intel,Core i5,11th,8 GB,DDR4,512 GB,0 GB,Windows,64-bit,2,Casual,14,1,Yes,Yes,79990,97946,18,4.6,23,2
311,MSI,Modern,Intel,Core i5,10th,8 GB,DDR4,512 GB,0 GB,Windows,64-bit,0,Casual,14,0,No,No,56541,61990,8,4.4,677,87
312,ASUS,Missing,Intel,Core i5,11th,16 GB,DDR4,512 GB,0 GB,Windows,64-bit,0,ThinNlight,17.3,0,No,No,59990,82990,27,3.3,3,0
313,Lenovo,ThinkBook,Intel,Core i5,11th,16 GB,DDR4,512 GB,0 GB,Windows,64-bit,0,Casual,13,1,No,Yes,64990,120708,46,4.4,46,4
314,DELL,Missing,Intel,Core i5,11th,8 GB,DDR4,512 GB,0 GB,Windows,64-bit,0,ThinNlight,14,1,No,No,61290,73774,16,3.0,4,1
315,Lenovo,Missing,Intel,Core i5,11th,8 GB,DDR4,512 GB,0 GB,Windows,64-bit,0,ThinNlight,14,1,No,Yes,54990,66470,17,4.2,9,1
316,Lenovo,ThinkBook,Intel,Core i5,11th,8 GB,DDR4,512 GB,0 GB,Windows,64-bit,0,Casual,Missing,1,No,Yes,59990,112608,46,4.4,26,4
317,ASUS,ASUS,Intel,Core i5,11th,8 GB,DDR4,512 GB,0 GB,Windows,32-bit,6,Casual,16,1,No,No,84990,129990,34,5.0,5,0
318,HP,Pavilion,Intel,Core i5,11th,8 GB,DDR4,512 GB,0 GB,Windows,64-bit,0,ThinNlight,16,1,No,Yes,72500,80900,10,4.4,40,3
319,Lenovo,IdeaPad,Intel,Core i5,11th,8 GB,DDR4,512 GB,0 GB,Windows,64-bit,4,Gaming,Missing,0,No,No,59990,93690,35,3.9,44,6
320,Lenovo,Yoga,Intel,Core i5,11th,8 GB,DDR4,512 GB,0 GB,Windows,64-bit,0,Casual,16,1,Yes,Yes,87990,125890,30,4.7,28,6
321,HP,14s,Intel,Core i5,11th,8 GB,DDR4,512 GB,0 GB,Windows,64-bit,0,ThinNlight,Missing,0,No,No,57990,63179,8,4.3,1541,123
322,DELL,Inspiron,Intel,Core i5,11th,8 GB,DDR4,512 GB,0 GB,Windows,64-bit,0,ThinNlight,16,1,No,Yes,69490,69736,0,4.2,72,7
323,Lenovo,Thinkbook,Intel,Core i5,11th,8 GB,DDR4,512 GB,0 GB,Windows,64-bit,0,Casual,16,3,Yes,Yes,68990,159180,56,4.6,44,8
324,Lenovo,Missing,Intel,Core i5,11th,8 GB,DDR4,512 GB,0 GB,Windows,32-bit,0,Casual,16,1,No,Yes,77990,80366,2,4.3,17,2
325,ASUS,ZenBook,Intel,Core i5,11th,8 GB,LPDDR4X,512 GB,0 GB,Windows,64-bit,0,Casual,16,1,Yes,No,105990,140990,24,4.4,59,11
327,DELL,Vostro,Intel,Core i5,11th,8 GB,DDR4,512 GB,0 GB,Windows,64-bit,0,ThinNlight,Missing,1,No,Yes,55490,80711,31,4.1,337,27
328,Lenovo,IdeaPad,Intel,Core i5,11th,8 GB,DDR4,512 GB,0 GB,Windows,64-bit,0,ThinNlight,16,1,No,Yes,69990,104890,33,4.6,10,2
329,ASUS,Zenbook,Intel,Core i5,11th,8 GB,DDR4,512 GB,0 GB,Windows,64-bit,0,Casual,Missing,1,Yes,Yes,84990,116990,27,4.2,10,2
330,DELL,Inspiron,Intel,Core i5,11th,8 GB,DDR4,512 GB,0 GB,Windows,64-bit,0,ThinNlight,Missing,0,No,No,59990,76143,21,3.8,31,7
332,DELL,Inspiron,Intel,Core i5,11th,8 GB,DDR4,512 GB,0 GB,Windows,64-bit,2,Casual,Missing,1,No,No,65990,88037,25,4.3,10,0
333,ASUS,Zenbook,Intel,Core i5,11th,8 GB,LPDDR4X,512 GB,0 GB,Windows,32-bit,0,Casual,Missing,1,No,Yes,72990,90990,19,4.7,76,14
334,DELL,Inspiron,Intel,Core i5,11th,8 GB,DDR4,512 GB,0 GB,Windows,64-bit,0,ThinNlight,16,1,No,Yes,71090,89849,20,4.1,44,6
336,ASUS,ZenBook,Intel,Core i5,10th,8 GB,LPDDR3,512 GB,0 GB,Windows,64-bit,0,Casual,Missing,1,No,Yes,79990,98990,19,4.4,11,3
337,MSI,Modern,Intel,Core i5,11th,8 GB,DDR4,512 GB,0 GB,Windows,64-bit,0,Casual,Missing,1,No,No,55490,67990,18,4.3,138,16
338,DELL,Vostro,Intel,Core i5,11th,8 GB,DDR4,512 GB,0 GB,Windows,64-bit,2,ThinNlight,Missing,1,No,Yes,66490,87168,23,4.1,199,17
339,ASUS,VivoBook,Intel,Core i5,11th,8 GB,DDR4,512 GB,0 GB,Windows,64-bit,0,Casual,Missing,1,No,Yes,53400,69500,23,4.1,46,6
340,DELL,Inspiron,Intel,Core i5,11th,8 GB,DDR4,512 GB,0 GB,Windows,64-bit,0,Casual,Missing,1,Yes,Yes,74500,78990,5,4.4,45,5
342,DELL,Vostro,Intel,Core i5,11th,8 GB,DDR4,512 GB,0 GB,Windows,64-bit,2,ThinNlight,Missing,0,No,No,61990,68859,9,4.1,35,4
343,APPLE,MacBook,Intel,Core i5,10th,8 GB,LPDDR4X,512 GB,0 GB,Mac,64-bit,0,Casual,16,1,No,No,159990,174900,8,4.4,32,5
344,APPLE,MacBook,Intel,Core i5,8th,8 GB,DDR3,512 GB,0 GB,Mac,64-bit,0,Casual,Missing,1,No,No,172090,179900,4,4.2,108,13
346,MSI,Modern,Intel,Core i5,10th,8 GB,DDR4,512 GB,0 GB,Windows,64-bit,0,Casual,Missing,1,No,No,56490,57240,1,4.5,814,112
348,Lenovo,Ideapad,Intel,Core i5,11th,8 GB,DDR4,512 GB,0 GB,Windows,64-bit,0,ThinNlight,Missing,1,No,Yes,55990,65438,14,4.2,75,9
350,HP,Envy,Intel,Core i5,10th,8 GB,DDR4,512 GB,0 GB,Windows,64-bit,4,Casual,16,1,No,Yes,106490,138366,23,4.7,3,0
351,Lenovo,IdeaPad,Intel,Core i5,11th,8 GB,DDR4,512 GB,0 GB,Windows,32-bit,2,Casual,16,1,No,Yes,70990,113290,37,4.6,11,3
352,Lenovo,ThinkPad,Intel,Core i5,11th,8 GB,DDR4,512 GB,0 GB,Windows,64-bit,0,Casual,Missing,1,No,Yes,64990,77487,16,4.4,125,11
354,ASUS,TUF,Intel,Core i5,10th,8 GB,DDR4,512 GB,0 GB,Windows,64-bit,4,Gaming,Missing,1,No,No,64990,81990,20,4.5,4,0
355,MSI,Modern,Intel,Core i5,10th,8 GB,DDR4,512 GB,0 GB,Windows,64-bit,0,Casual,Missing,1,No,No,54990,61990,11,4.4,714,147
356,Vaio,SE,Intel,Core i5,8th,8 GB,DDR4,512 GB,0 GB,Windows,64-bit,0,ThinNlight,Missing,2,No,Yes,62890,84690,25,4.0,85,14
358,Lenovo,Yoga,Intel,Core i5,10th,8 GB,LPDDR4X,512 GB,0 GB,Windows,64-bit,2,Casual,Missing,1,No,Yes,70798,101090,29,4.0,21,3
359,Lenovo,Legion,Intel,Core i5,9th,8 GB,DDR4,512 GB,0 GB,Windows,64-bit,4,Casual,Missing,0,No,No,59990,84990,29,3.8,9,1
361,HP,14s,Intel,Core i5,10th,8 GB,DDR4,512 GB,0 GB,Windows,64-bit,0,ThinNlight,Missing,1,No,Yes,55990,77996,28,4.2,30,4
362,ASUS,ZenBook,Intel,Core i5,8th,8 GB,LPDDR3,512 GB,0 GB,Windows,64-bit,0,ThinNlight,Missing,1,No,No,72990,90990,19,4.2,44,4
363,acer,Swift,Intel,Core i5,8th,8 GB,DDR3,512 GB,0 GB,Windows,64-bit,0,ThinNlight,Missing,1,No,No,64990,87999,26,3.8,4,1
365,HP,HP,Intel,Core i5,11th,8 GB,DDR4,512 GB,0 GB,Windows,64-bit,2,Casual,16,1,Yes,Yes,76990,99203,22,4.4,14,2
366,Lenovo,Ideapad,Intel,Core i5,11th,8 GB,DDR4,512 GB,0 GB,Windows,64-bit,0,Casual,Missing,2,No,Yes,62998,79890,21,4.3,739,71
367,DELL,Inspiron,Intel,Core i5,11th,8 GB,DDR4,512 GB,0 GB,Windows,64-bit,0,Casual,16,1,Yes,Yes,77990,98200,20,4.5,31,5
368,HP,Spectre,Intel,Core i5,10th,8 GB,DDR4,512 GB,0 GB,Windows,64-bit,0,Casual,Missing,1,Yes,Yes,114990,122803,6,4.4,145,19
370,DELL,Inspiron,Intel,Core i5,11th,8 GB,DDR4,512 GB,0 GB,Windows,64-bit,2,Casual,16,1,No,Yes,88990,90605,1,3.8,19,2
372,Mi,Notebook,Intel,Core i5,10th,8 GB,DDR4,512 GB,0 GB,Windows,64-bit,2,Casual,Missing,1,No,No,54990,59999,8,4.3,545,74
373,ASUS,VivoBook,Intel,Core i5,11th,8 GB,LPDDR4X,512 GB,0 GB,Windows,64-bit,0,Casual,Missing,1,Yes,Yes,73990,84990,12,4.2,32,6
375,HP,Missing,Intel,Core i5,11th,8 GB,DDR4,512 GB,0 GB,Windows,64-bit,0,ThinNlight,Missing,1,No,Yes,61000,68000,10,4.3,1124,100
376,ASUS,ZenBook,Intel,Core i5,11th,8 GB,LPDDR4X,512 GB,0 GB,Windows,64-bit,0,Casual,Missing,1,Yes,No,99990,122990,18,4.9,35,6
377,Lenovo,ThinkPad,Intel,Core i5,11th,8 GB,DDR4,512 GB,0 GB,Windows,64-bit,0,ThinNlight,Missing,1,No,Yes,67990,76915,11,4.8,9,0
378,DELL,Inspiron,Intel,Core i5,11th,8 GB,DDR4,512 GB,0 GB,Windows,64-bit,0,Casual,Missing,1,Yes,Yes,70799,89564,20,4.7,98,6
379,Lenovo,ThinkPad,Intel,Core i5,11th,8 GB,DDR4,512 GB,0 GB,Windows,64-bit,0,ThinNlight,Missing,1,No,Yes,65990,75879,13,4.1,31,2
380,ASUS,VivoBook,Intel,Core i5,8th,8 GB,DDR4,512 GB,0 GB,Windows,64-bit,0,ThinNlight,Missing,1,No,No,53690,58990,8,4.4,19,3
382,ASUS,VivoBook,Intel,Core i5,11th,8 GB,DDR4,512 GB,0 GB,Windows,64-bit,0,Casual,Missing,1,No,Yes,53190,69990,24,4.5,11,0
383,Lenovo,IdeaPad,Intel,Core i5,10th,8 GB,DDR4,512 GB,0 GB,Windows,32-bit,2,Casual,Missing,2,No,Yes,58999,65999,10,4.4,45,3
390,Lenovo,IdeaPad,Intel,Core i5,10th,8 GB,DDR4,512 GB,0 GB,Windows,64-bit,4,Gaming,Missing,0,No,No,69899,73899,5,4.3,474,37
392,DELL,GAMING,Intel,Core i5,10th,8 GB,DDR4,512 GB,0 GB,Windows,64-bit,4,Casual,Missing,1,No,No,76300,79999,4,4.2,6,0
394,DELL,Inspiron,Intel,Core i5,11th,8 GB,DDR4,512 GB,0 GB,Windows,64-bit,0,ThinNlight,Missing,0,No,No,72900,74900,2,3.9,24,4
395,DELL,Inspiron,Intel,Core i5,11th,8 GB,DDR4,512 GB,0 GB,Windows,64-bit,0,Casual,Missing,1,Yes,Yes,73990,92600,20,4.5,195,17
398,HP,Spectre,Intel,Core i5,10th,8 GB,DDR4,512 GB,0 GB,Windows,64-bit,0,Casual,Missing,1,Yes,No,126000,152042,17,5.0,2,1
402,DELL,Inspiron,Intel,Core i5,11th,8 GB,DDR4,512 GB,0 GB,Windows,64-bit,2,Casual,16,1,Yes,Yes,82990,94600,12,4.5,21,2
405,DELL,Inspiron,Intel,Core i5,11th,8 GB,DDR4,512 GB,0 GB,Windows,64-bit,2,Casual,Missing,1,Yes,Yes,79990,88600,9,4.8,5,0
408,MSI,GS,Intel,Core i5,8th,8 GB,DDR5,512 GB,0 GB,Windows,32-bit,6,Casual,Missing,0,No,No,149990,169990,11,4.1,10,3
410,DELL,Inspiron,Intel,Core i5,10th,8 GB,DDR4,512 GB,0 GB,Windows,64-bit,0,ThinNlight,Missing,1,No,Yes,79500,99433,20,4.3,10,1
411,DELL,Inspiron,Intel,Core i5,10th,8 GB,DDR4,512 GB,0 GB,Windows,64-bit,2,Casual,Missing,1,No,Yes,82990,107786,23,3.7,15,3
412,DELL,Inspiron,Intel,Core i5,11th,8 GB,DDR4,512 GB,0 GB,Windows,64-bit,2,Casual,Missing,1,No,Yes,70980,76094,6,4.4,138,23
415,DELL,Missing,Intel,Core i5,11th,8 GB,DDR4,512 GB,0 GB,Windows,64-bit,2,Casual,16,0,Yes,No,82990,94890,12,4.4,16,3
416,MSI,Prestige,Intel,Core i5,11th,8 GB,LPDDR4X,512 GB,0 GB,Windows,64-bit,0,Casual,16,1,No,No,79990,93489,14,4.9,11,4
419,ASUS,ZenBook,Intel,Core i5,10th,8 GB,LPDDR3,512 GB,0 GB,Windows,64-bit,2,Casual,Missing,1,No,Yes,105990,105990,0,5.0,4,0
421,Lenovo,Ideapad,Intel,Core i5,8th,8 GB,DDR4,512 GB,0 GB,Windows,64-bit,2,Casual,Missing,1,No,Yes,59999,80000,25,4.4,22,3
422,Lenovo,Yoga,Intel,Core i5,11th,8 GB,DDR4,512 GB,0 GB,Windows,64-bit,0,Casual,16,1,No,Yes,91999,92000,0,4.6,16,2
423,DELL,Inspiron,Intel,Core i5,11th,8 GB,DDR4,512 GB,0 GB,Windows,64-bit,0,Casual,16,1,Yes,Yes,78900,84900,7,3.6,16,1
425,Nokia,PureBook,Intel,Core i5,11th,16 GB,DDR4,512 GB,0 GB,Windows,64-bit,0,ThinNlight,14,0,No,No,55990,82990,32,4.1,117,31
426,Lenovo,IdeaPad,Intel,Core i5,11th,8 GB,DDR4,512 GB,0 GB,Windows,64-bit,4,Gaming,15.6,0,No,No,60990,93690,34,3.9,14,6
428,DELL,Inspiron,Intel,Core i5,11th,16 GB,DDR4,512 GB,0 GB,Windows,64-bit,0,ThinNlight,15.6,0,No,No,70190,90783,22,3.5,6,3
432,Nokia,PureBook,Intel,Core i5,11th,8 GB,DDR4,512 GB,0 GB,Windows,64-bit,0,ThinNlight,14,0,No,No,52790,82990,36,4.0,5,0
434,Avita,Liber,Intel,Core i5,8th,8 GB,DDR4,512 GB,0 GB,Windows,64-bit,0,ThinNlight,14,0,No,No,44990,76990,41,3.4,17,3
435,ASUS,Intel,Intel,Core i5,11th,8 GB,DDR4,512 GB,0 GB,Windows,64-bit,0,Casual,13.3,1,Yes,Yes,84990,115990,26,3.9,17,2
436,Lenovo,Ideapad,Intel,Core i5,10th,8 GB,DDR4,512 GB,0 GB,Windows,64-bit,2,Casual,14,1,Yes,Yes,86999,109000,20,4.7,3,0
437,HP,Pavilion,Intel,Core i5,11th,16 GB,DDR4,512 GB,0 GB,Windows,64-bit,2,Casual,15.6,1,No,No,78000,89000,12,4.4,512,85
438,Avita,Liber,Intel,Core i5,8th,8 GB,DDR4,512 GB,0 GB,Windows,64-bit,0,ThinNlight,14,0,No,No,73063,76990,5,3.4,17,3
439,Avita,Liber,Intel,Core i5,8th,8 GB,DDR4,512 GB,0 GB,Windows,64-bit,0,ThinNlight,14,0,No,No,73063,76990,5,3.4,17,3
441,Lenovo,Ideapad,Intel,Core i5,8th,8 GB,DDR4,512 GB,0 GB,Windows,64-bit,0,ThinNlight,13.3,1,No,Yes,74990,83458,10,3.3,3,1
442,ASUS,ROG,Intel,Core i5,10th,8 GB,DDR4,512 GB,0 GB,Windows,64-bit,4,Casual,15.6,0,No,No,75990,101990,25,4.6,1365,137
443,Lenovo,Missing,Intel,Core i5,11th,8 GB,DDR4,512 GB,0 GB,Windows,32-bit,2,Casual,15.6,1,No,Yes,84086,84086,0,3.5,8,3
444,ASUS,ASUS,Intel,Core i5,11th,8 GB,DDR4,1024 GB,0 GB,Windows,64-bit,4,Gaming,15.6,0,No,No,75990,116990,35,4.5,368,48
445,ASUS,TUF,Intel,Core i5,11th,8 GB,DDR4,1024 GB,0 GB,Windows,64-bit,4,Gaming,17.3,1,No,Yes,77990,115990,32,4.4,202,26
446,ASUS,ROG,Intel,Core i5,10th,8 GB,DDR4,1024 GB,0 GB,Windows,64-bit,4,Casual,15.6,1,No,No,77990,149990,48,4.5,187,26
447,APPLE,MacBook,Intel,Core i5,10th,16 GB,LPDDR4X,1024 GB,0 GB,Mac,64-bit,0,Casual,13,1,No,No,179990,194900,7,4.7,31,3
448,APPLE,MacBook,Intel,Core i5,10th,16 GB,LPDDR4X,1024 GB,0 GB,Mac,64-bit,0,Casual,13,1,No,No,179990,194900,7,4.8,91,5
449,ASUS,ROG,Intel,Core i5,10th,8 GB,DDR4,1024 GB,0 GB,Windows,64-bit,4,Casual,Missing,0,No,No,82990,107990,23,4.5,844,118
451,ASUS,F17,Intel,Core i5,11th,8 GB,DDR4,1024 GB,0 GB,Windows,64-bit,4,Casual,Missing,0,No,No,84500,105000,19,4.3,3,0
452,DELL,Inspiron,Intel,Core i5,11th,8 GB,LPDDR4X,1024 GB,0 GB,Windows,64-bit,0,ThinNlight,13.3,0,No,No,74190,83417,11,4.5,21,3
453,Lenovo,ThinkBook,Intel,Core i5,11th,8 GB,DDR4,1024 GB,0 GB,Windows,64-bit,0,ThinNlight,13.3,1,No,Yes,64990,121608,46,3.0,4,0
457,acer,Aspire,Intel,Core i5,11th,8 GB,DDR4,0 GB,1024 GB,Windows,64-bit,0,ThinNlight,14,1,No,No,46990,56999,17,3.8,253,28
458,DELL,Vostro,Intel,Core i5,11th,8 GB,DDR4,0 GB,1024 GB,Windows,64-bit,0,ThinNlight,14,1,No,Yes,48990,70286,30,3.6,470,46
459,acer,Aspire,Intel,Core i5,8th,8 GB,DDR4,0 GB,1024 GB,Windows,64-bit,2,Casual,Missing,1,No,Yes,59999,62511,4,4.1,118,28
460,ASUS,VivoBook,Intel,Core i5,10th,8 GB,DDR4,0 GB,1024 GB,Windows,64-bit,0,ThinNlight,Missing,1,No,No,46990,55990,16,4.0,1444,179
461,MSI,GF63,Intel,Core i5,10th,8 GB,DDR4,0 GB,1024 GB,Windows,64-bit,4,Casual,Missing,2,No,No,52990,72990,27,4.1,1114,137
463,Lenovo,B50-70,Intel,Core i5,4th,8 GB,DDR3,0 GB,1024 GB,Windows,64-bit,0,Casual,Missing,0,No,No,52490,52490,0,3.8,78,17
464,Lenovo,Ideapad,Intel,Core i5,8th,8 GB,DDR4,0 GB,1024 GB,Windows,64-bit,4,Casual,Missing,1,No,No,56990,62594,8,4.0,21,5
465,acer,Aspire,Intel,Core i5,8th,8 GB,DDR4,0 GB,1024 GB,Windows,64-bit,2,ThinNlight,Missing,1,No,No,61990,62549,0,4.1,73,21
473,MSI,GE76,Intel,Core i5,10th,8 GB,LPDDR4,0 GB,512 GB,DOS,32-bit,6,Casual,Missing,0,No,No,291190,330990,12,4.6,7,3
474,MSI,GP65,Intel,Core i5,10th,8 GB,LPDDR4,0 GB,512 GB,DOS,32-bit,6,Casual,Missing,0,No,No,145990,145990,0,4.5,715,106
475,MSI,GP76,Intel,Core i5,10th,8 GB,LPDDR4,0 GB,512 GB,DOS,32-bit,8,Casual,Missing,0,No,No,179990,201990,10,4.4,24,5
476,HP,Pavilion,Intel,Core i5,8th,8 GB,DDR4,0 GB,1024 GB,Windows,64-bit,2,Casual,15.6,1,No,Yes,64990,68270,4,4.3,23,4
477,HP,15q,Intel,Core i5,8th,8 GB,DDR4,0 GB,1024 GB,Windows,64-bit,0,Casual,15.6,1,No,No,46790,50190,6,4.2,3062,325
478,HP,Missing,Intel,Core i5,7th,4 GB,DDR4,0 GB,1024 GB,Windows,64-bit,0,Casual,15.6,1,No,No,44599,44599,0,4.1,122,12
479,acer,Swift,Intel,Core i5,8th,8 GB,DDR4,0 GB,1024 GB,Windows,64-bit,2,Casual,15.6,1,No,No,72964,73199,0,4.2,18,6
480,HP,250,Intel,Core i5,10th,8 GB,DDR4,0 GB,1024 GB,Windows,32-bit,0,Casual,15.6,1,No,Yes,48790,54786,10,3.4,11,1
481,acer,Aspire,Intel,Core i5,10th,8 GB,DDR4,0 GB,1024 GB,Windows,64-bit,2,Casual,15.6,1,No,No,56491,56491,0,3.2,30,6
482,ASUS,VivoBook,Intel,Core i5,11th,8 GB,DDR4,256 GB,1024 GB,Windows,32-bit,0,Casual,15.6,1,No,Yes,50990,70990,28,4.3,1188,127
483,ASUS,VivoBook,Intel,Core i5,10th,8 GB,DDR4,256 GB,1024 GB,Windows,64-bit,4,Gaming,15.6,0,No,No,55990,81990,31,4.5,23,0
484,acer,Aspire,Intel,Core i5,11th,8 GB,DDR4,256 GB,1024 GB,Windows,64-bit,0,Casual,15.6,1,No,No,57990,69999,17,4.6,32,1
486,DELL,Inspiron,Intel,Core i5,11th,8 GB,DDR4,256 GB,1024 GB,Windows,64-bit,0,Casual,15.6,1,No,No,57990,74833,22,4.2,47,0
487,acer,Aspire,Intel,Core i5,11th,8 GB,DDR4,256 GB,1024 GB,Windows,64-bit,0,ThinNlight,15.6,1,No,No,56990,64999,12,4.0,27,2
488,acer,Travelmate,Intel,Core i5,11th,8 GB,DDR4,256 GB,1024 GB,Windows,64-bit,0,Casual,14,0,No,No,55490,60000,7,3.8,8,3
489,DELL,Inspiron,Intel,Core i5,11th,8 GB,DDR4,256 GB,1024 GB,Windows,64-bit,2,Casual,15.6,1,No,No,62490,86199,27,3.9,157,20
490,ASUS,VivoBook,Intel,Core i5,11th,16 GB,DDR4,256 GB,1024 GB,Windows,64-bit,0,Casual,15.6,1,No,No,64990,85990,24,4.7,10,1
491,Lenovo,Ideapad,Intel,Core i5,11th,8 GB,DDR4,256 GB,1024 GB,Windows,64-bit,2,Casual,15.6,1,No,Yes,59990,93690,35,4.3,52,4
492,ASUS,VivoBook,Intel,Core i5,11th,8 GB,DDR4,256 GB,1024 GB,Windows,64-bit,2,Casual,15.6,1,No,Yes,60190,78990,23,4.4,33,4
493,ASUS,VivoBook,Intel,Core i5,9th,8 GB,DDR4,256 GB,1024 GB,Windows,64-bit,4,Gaming,15.6,0,No,No,54490,77990,30,4.3,343,47
494,Lenovo,Legion,Intel,Core i5,9th,8 GB,DDR4,256 GB,1024 GB,Windows,64-bit,4,Casual,15.6,1,No,Yes,60990,86690,29,4.3,131,17
495,DELL,Inspiron,Intel,Core i5,11th,4 GB,DDR4,256 GB,1024 GB,Windows,64-bit,0,ThinNlight,14.9,1,No,Yes,55790,60078,7,4.2,41,4
496,ASUS,VivoBook,Intel,Core i5,11th,16 GB,DDR4,256 GB,1024 GB,Windows,64-bit,0,Casual,15.6,1,No,Yes,64990,85990,24,4.3,328,51
497,ASUS,Missing,Intel,Core i5,11th,16 GB,DDR4,256 GB,1024 GB,Windows,64-bit,0,ThinNlight,17.3,0,No,No,58990,85990,31,4.8,6,1
498,DELL,Vostro,Intel,Core i5,11th,8 GB,DDR4,256 GB,1024 GB,Windows,64-bit,0,ThinNlight,14,1,No,Yes,54990,80284,31,3.8,353,28
499,HP,Pavilion,Intel,Core i5,11th,8 GB,DDR4,256 GB,1024 GB,Windows,64-bit,4,Gaming,15.6,1,No,Yes,71990,87717,17,4.3,127,20
501,Lenovo,Ideapad,Intel,Core i5,11th,8 GB,DDR4,256 GB,1024 GB,Windows,64-bit,2,Casual,15.6,1,No,Yes,65990,99290,33,4.2,241,19
502,ASUS,VivoBook,Intel,Core i5,11th,8 GB,DDR4,256 GB,1024 GB,Windows,64-bit,0,Casual,Missing,1,No,No,49990,72990,31,3.9,22,2
503,DELL,Vostro,Intel,Core i5,11th,8 GB,DDR4,256 GB,1024 GB,Windows,64-bit,0,ThinNlight,Missing,1,No,Yes,58990,74066,20,4.0,8,1
504,Lenovo,IdeaPad,Intel,Core i5,10th,8 GB,DDR4,256 GB,1024 GB,Windows,64-bit,4,Gaming,Missing,0,No,No,74590,109990,32,4.4,898,128
505,ASUS,Missing,Intel,Core i5,10th,8 GB,DDR4,256 GB,1024 GB,Windows,32-bit,2,Casual,Missing,0,No,No,58990,67990,13,5.0,1,1
507,DELL,Inspiron,Intel,Core i5,11th,8 GB,DDR4,256 GB,1024 GB,Windows,64-bit,2,Casual,Missing,0,No,No,66490,88519,24,3.8,6,1
508,DELL,G3,Intel,Core i5,10th,8 GB,DDR4,256 GB,1024 GB,Windows,64-bit,4,Casual,Missing,0,No,No,77900,82300,5,4.3,179,34
509,DELL,Inspiron,Intel,Core i5,11th,8 GB,DDR4,256 GB,1024 GB,Windows,64-bit,2,Casual,Missing,0,No,No,67490,82600,18,3.8,41,5
511,DELL,Inspiron,Intel,Core i5,11th,8 GB,DDR4,256 GB,1024 GB,Windows,64-bit,0,Casual,Missing,1,No,Yes,58990,61990,4,4.3,114,9
512,Lenovo,IdeaPad,Intel,Core i5,10th,8 GB,DDR4,256 GB,1024 GB,Windows,64-bit,4,Gaming,Missing,0,No,No,74999,75500,0,4.3,268,25
513,ASUS,VivoBook,Intel,Core i5,11th,8 GB,DDR4,256 GB,1024 GB,Windows,64-bit,0,Casual,Missing,1,No,Yes,68900,78999,12,5.0,6,1
514,DELL,Inspiron,Intel,Core i5,11th,8 GB,DDR4,256 GB,1024 GB,Windows,64-bit,2,Casual,15.6,0,No,No,71695,75732,5,4.2,153,16
515,acer,Travelmate,Intel,Core i5,11th,16 GB,DDR4,256 GB,1024 GB,Windows,64-bit,0,Casual,14,0,No,No,62490,85000,26,3.4,8,0
516,DELL,Inspiron,Intel,Core i5,8th,8 GB,DDR4,0 GB,2048 GB,Windows,64-bit,2,Casual,15.6,1,No,Yes,62317,62317,0,4.0,377,53
518,DELL,Inspiron,Intel,Core i7,8th,16 GB,DDR4,256 GB,0 GB,Windows,64-bit,4,Casual,Missing,1,No,Yes,87990,88532,0,4.1,120,21
525,ASUS,VivoBook,Intel,Core i7,10th,16 GB,DDR4,512 GB,0 GB,Windows,64-bit,0,Casual,15.6,1,No,No,57990,80990,28,4.3,76,9
526,ASUS,VivoBook,Intel,Core i7,10th,8 GB,DDR4,512 GB,0 GB,Windows,64-bit,4,Gaming,15.6,0,No,No,61990,88990,30,4.5,11,2
527,MSI,GF63,Intel,Core i7,10th,16 GB,DDR4,512 GB,0 GB,Windows,64-bit,4,Casual,15.6,2,No,No,79990,95990,16,4.5,484,56
528,Lenovo,IdeaPad,Intel,Core i7,10th,8 GB,DDR4,512 GB,0 GB,Windows,64-bit,4,Gaming,15.6,1,No,Yes,68990,99290,30,4.5,44,2
529,Mi,Notebook,Intel,Core i7,10th,8 GB,DDR4,512 GB,0 GB,Windows,64-bit,2,Casual,14,1,No,No,59490,65999,9,4.2,399,40
530,Lenovo,IdeaPad,Intel,Core i7,11th,16 GB,DDR4,512 GB,0 GB,Windows,64-bit,0,Casual,14,1,Yes,Yes,85990,125890,31,4.4,77,10
531,Lenovo,Legion,Intel,Core i7,11th,16 GB,DDR4,512 GB,0 GB,Windows,64-bit,4,Casual,15.6,1,No,Yes,99990,153490,34,4.4,11,3
532,Infinix,X1,Intel,Core i7,10th,16 GB,LPDDR4X,512 GB,0 GB,Windows,64-bit,8,Casual,14,0,No,No,54990,69999,21,4.3,57,14
533,ASUS,VivoBook,Intel,Core i7,11th,8 GB,DDR4,512 GB,0 GB,Windows,64-bit,0,Casual,14,1,No,Yes,77990,96990,19,4.3,21,5
534,Lenovo,IdeaPad,Intel,Core i7,11th,8 GB,DDR4,512 GB,0 GB,Windows,64-bit,4,Gaming,15.6,0,No,No,79990,118890,32,4.0,5,2
535,HP,Pavilion,Intel,Core i7,11th,16 GB,DDR4,512 GB,0 GB,Windows,64-bit,4,Casual,15.6,1,No,Yes,93190,118776,21,5.0,4,0
537,Lenovo,Thinkbook,Intel,Core i7,11th,16 GB,DDR4,512 GB,0 GB,Windows,64-bit,0,Casual,14,3,Yes,Yes,84990,109696,22,4.5,13,2
538,MSI,Missing,Intel,Core i7,10th,8 GB,DDR4,512 GB,0 GB,Windows,64-bit,0,ThinNlight,14,0,No,No,57990,78990,26,4.4,15,0
539,HP,Envy,Intel,Core i7,11th,16 GB,DDR4,512 GB,0 GB,Windows,64-bit,0,Casual,13.3,1,Yes,Yes,102990,114751,10,4.7,11,2
541,ASUS,ASUS,Intel,Core i7,11th,16 GB,DDR4,512 GB,0 GB,Windows,64-bit,4,Gaming,16,0,No,No,94990,101990,6,4.5,118,15
544,HP,Pavilion,Intel,Core i7,11th,16 GB,DDR4,512 GB,0 GB,Windows,64-bit,4,Gaming,16,1,No,Yes,90190,107262,15,4.3,6,1
546,MSI,Prestige,Intel,Core i7,10th,16 GB,DDR4,512 GB,0 GB,Windows,64-bit,4,Casual,16,1,No,No,109990,134990,18,4.3,138,30
550,ASUS,VivoBook,Intel,Core i7,11th,16 GB,DDR4,512 GB,0 GB,Windows,64-bit,2,Casual,Missing,1,No,Yes,78990,104990,24,4.5,35,4
551,DELL,XPS,Intel,Core i7,8th,16 GB,DDR3,512 GB,0 GB,Windows,64-bit,0,ThinNlight,16,1,No,Yes,121890,139104,12,1.7,3,0
552,ASUS,ZenBook,Intel,Core i7,8th,16 GB,LPDDR3,512 GB,0 GB,Windows,64-bit,0,ThinNlight,Missing,1,No,No,85990,99990,14,4.4,18,0
554,HP,Pavilion,Intel,Core i7,11th,16 GB,DDR4,512 GB,0 GB,Windows,64-bit,4,Gaming,16,1,No,Yes,92000,113019,18,4.5,8,1
555,HP,Spectre,Intel,Core i7,10th,16 GB,DDR4,512 GB,0 GB,Windows,64-bit,0,Casual,16,1,Yes,No,162990,192977,15,3.3,3,1
556,DELL,XPS,Intel,Core i7,11th,16 GB,LPDDR4X,512 GB,0 GB,Windows,64-bit,0,ThinNlight,16,1,No,Yes,135300,135553,0,5.0,5,2
557,MSI,Modern,Intel,Core i7,11th,16 GB,DDR4,512 GB,0 GB,Windows,64-bit,0,Casual,Missing,0,No,No,64990,78990,17,4.4,33,5
562,MSI,Prestige,Intel,Core i7,10th,16 GB,DDR4,512 GB,0 GB,Windows,64-bit,2,Casual,16,1,No,No,104990,123990,15,4.0,85,9
564,ASUS,ZenBook,Intel,Core i7,8th,16 GB,DDR3,512 GB,0 GB,Windows,64-bit,0,ThinNlight,16,1,No,No,99990,122990,18,4.3,30,7
573,ASUS,ZenBook,Intel,Core i7,8th,8 GB,LPDDR3,512 GB,0 GB,Windows,64-bit,0,ThinNlight,13.3,1,No,No,81990,102987,20,4.3,40,4
574,MSI,GF63,Intel,Core i7,9th,8 GB,DDR4,512 GB,0 GB,Windows,64-bit,4,Casual,15.6,2,No,No,66990,104990,36,4.5,1639,230
575,MSI,GF65,Intel,Core i7,10th,16 GB,DDR4,1024 GB,0 GB,Windows,64-bit,6,Casual,15.6,2,No,No,84990,123990,31,4.4,498,64
578,ASUS,ASUS,Intel,Core i7,11th,16 GB,DDR4,1024 GB,0 GB,Windows,64-bit,4,Gaming,15.6,0,No,No,98990,136990,27,4.5,445,56
579,HP,Envy,Intel,Core i7,10th,16 GB,DDR4,1024 GB,0 GB,Windows,64-bit,6,Casual,15.6,1,No,Yes,144690,173453,16,4.2,17,4
581,MSI,Stealth,Intel,Core i7,11th,16 GB,DDR4,1024 GB,0 GB,Windows,64-bit,6,Casual,16,2,No,No,119990,162990,26,4.3,20,3
583,ASUS,ZenBook,Intel,Core i7,10th,16 GB,LPDDR3,1024 GB,0 GB,Windows,64-bit,2,Casual,16,1,No,Yes,124990,146990,14,4.6,17,1
585,HP,Spectre,Intel,Core i7,10th,16 GB,DDR4,1024 GB,0 GB,Windows,64-bit,0,Casual,16,1,Yes,No,179990,216368,16,4.2,13,5
586,MSI,Summit,Intel,Core i7,11th,16 GB,DDR4,1024 GB,0 GB,Windows,64-bit,4,Casual,16,2,Yes,No,154990,156990,1,4.0,3,2
587,Lenovo,Yoga,Intel,Core i7,11th,16 GB,LPDDR4X,1024 GB,0 GB,Windows,64-bit,0,Casual,16,1,No,Yes,122990,167890,26,3.0,4,2
588,ASUS,Missing,Intel,Core i7,10th,16 GB,DDR4,1024 GB,0 GB,Windows,64-bit,6,Casual,Missing,1,Yes,No,224990,272990,17,4.7,9,0
592,Lenovo,Legion,Intel,Core i7,11th,16 GB,DDR4,1024 GB,0 GB,Windows,64-bit,6,Casual,16,0,No,No,151098,224490,32,4.4,7,0
593,MSI,Pulse,Intel,Core i7,11th,16 GB,DDR4,1024 GB,0 GB,Windows,64-bit,8,Casual,16,2,No,No,129990,179990,27,4.2,14,3
595,MSI,Missing,Intel,Core i7,12th,16 GB,DDR4,1024 GB,0 GB,Windows,64-bit,6,Casual,16,0,No,No,139990,156990,10,4.5,4,2
596,acer,Predator,Intel,Core i7,11th,16 GB,DDR4,1024 GB,0 GB,Windows,64-bit,6,Casual,16,1,No,No,129990,149990,13,4.5,54,7
598,DELL,Inspiron,Intel,Core i7,11th,16 GB,DDR4,1024 GB,0 GB,Windows,64-bit,2,Casual,16,1,No,Yes,93955,122300,23,4.8,4,0
600,HP,Spectre,Intel,Core i7,11th,16 GB,LPDDR4X,1024 GB,0 GB,Windows,64-bit,0,Casual,16,1,Yes,Yes,128500,152042,15,3.7,3,1
601,Lenovo,Yoga,Intel,Core i7,11th,16 GB,DDR4,1024 GB,0 GB,Windows,64-bit,0,Casual,16,1,Yes,Yes,102990,104033,1,4.4,16,2
602,ASUS,ZenBook,Intel,Core i7,11th,16 GB,LPDDR4X,1024 GB,0 GB,Windows,64-bit,0,Casual,16,1,Yes,No,119990,158990,24,4.8,8,1
604,ASUS,Zephyrus,Intel,Core i7,11th,16 GB,DDR4,1024 GB,0 GB,Windows,32-bit,6,Casual,16,1,No,No,157249,220990,28,4.3,7,0
607,ASUS,ExpertBook,Intel,Core i7,10th,16 GB,LPDDR3,1024 GB,0 GB,Windows,64-bit,0,Casual,16,0,No,No,154990,172990,10,5.0,3,0
609,Lenovo,Yoga,Intel,Core i7,10th,16 GB,LPDDR4X,1024 GB,0 GB,Windows,64-bit,0,ThinNlight,16,0,No,No,119990,148082,18,2.5,2,1
612,Avita,Liber,Intel,Core i7,10th,16 GB,DDR4,1024 GB,0 GB,Windows,64-bit,0,ThinNlight,14,0,No,No,62990,83390,24,3.9,207,49
613,Lenovo,ThinkBook,Intel,Core i7,11th,16 GB,LPDDR4,1024 GB,0 GB,Windows,64-bit,0,Casual,13,1,No,Yes,85990,148158,41,3.4,7,2
617,acer,Predator,Intel,Core i7,10th,16 GB,DDR4,2048 GB,0 GB,Windows,64-bit,8,Casual,16,1,No,No,159990,160190,0,3.8,4,0
621,MSI,GF63,Intel,Core i7,10th,8 GB,DDR4,256 GB,1024 GB,Windows,64-bit,4,Casual,15.6,2,No,No,63990,83990,23,4.3,794,83
622,ASUS,VivoBook,Intel,Core i7,10th,16 GB,DDR4,256 GB,1024 GB,Windows,64-bit,4,Gaming,15.6,0,No,No,66990,97990,31,4.2,25,4
624,acer,Predator,Intel,Core i7,10th,16 GB,DDR4,256 GB,1024 GB,Windows,64-bit,6,Casual,16,1,No,No,119990,140990,14,4.6,2038,313
627,acer,Predator,Intel,Core i7,11th,16 GB,DDR4,512 GB,1024 GB,Windows,64-bit,4,Casual,15.6,1,No,No,92990,130990,29,4.5,214,37
628,acer,Predator,Intel,Core i7,11th,16 GB,DDR4,512 GB,1024 GB,Windows,32-bit,6,Casual,15.6,1,No,No,119990,140990,14,4.5,342,54
633,ASUS,Missing,Intel,Core i9,10th,16 GB,DDR4,1024 GB,0 GB,Windows,64-bit,6,Casual,Missing,1,Yes,No,269990,326990,17,4.8,8,1
636,ASUS,Zephyrus,Intel,Core i9,11th,16 GB,DDR4,3072 GB,0 GB,Windows,32-bit,6,Casual,Missing,1,No,No,441990,441990,0,5.0,1,1
637,Smartron,t.book,Intel,Core m3,7th,4 GB,DDR3,128 GB,0 GB,Windows,64-bit,0,Casual,12.2,0,Yes,No,42990,45990,6,3.5,25,6
638,MSI,Katana,Intel,Core i5,10th,8 GB,LPDDR4,0 GB,512 GB,DOS,32-bit,4,Casual,Missing,0,No,No,86990,117990,26,4.5,218,27
640,acer,Dual,AMD,Dual Core,Missing,4 GB,DDR4,256 GB,0 GB,Windows,64-bit,0,Casual,Missing,1,No,No,31990,32990,3,4.0,762,104
641,MSI,Pulse,Intel,Core i5,10th,8 GB,LPDDR4,0 GB,512 GB,DOS,32-bit,6,Casual,Missing,0,No,No,109990,139990,21,4.6,78,16
642,MSI,Pulse,Intel,Core i5,10th,8 GB,LPDDR4,0 GB,512 GB,DOS,32-bit,4,Casual,Missing,0,No,No,109590,123990,11,4.6,5,2
643,ASUS,ROG,Intel,Core i7,10th,16 GB,LPDDR4X,0 GB,512 GB,DOS,32-bit,6,Casual,Missing,0,No,No,146490,146490,0,3.0,2,1
644,HP,Chromebook,Intel,Dual Core,10th,4 GB,DDR4,0 GB,512 GB,DOS,32-bit,0,Casual,Missing,0,No,No,61745,61745,0,4.6,23,4
653,MSI,GF65,Intel,Hexa Core,Missing,16 GB,DDR4,512 GB,0 GB,Windows,64-bit,6,Casual,15.6,2,No,No,76990,106990,28,4.5,298,49
654,MSI,GF63,Intel,Hexa Core,Missing,8 GB,DDR4,256 GB,1024 GB,Windows,64-bit,4,Casual,15.6,2,No,No,55990,72990,23,4.4,2582,272
655,APPLE,MacBook,M1,M1,10th,8 GB,DDR4,256 GB,0 GB,Mac,64-bit,0,Casual,13.3,1,No,No,85990,92900,7,4.7,6725,629
656,APPLE,MacBook,M1,M1,10th,8 GB,DDR4,256 GB,0 GB,Mac,64-bit,0,Casual,13.3,1,No,No,112990,122900,8,4.8,640,70
657,APPLE,MacBook,M1,M1,10th,16 GB,DDR4,256 GB,0 GB,Mac,64-bit,0,Casual,13.3,1,No,No,104990,112900,7,4.7,45,4
658,APPLE,MacBook,M1,M1,10th,8 GB,DDR4,256 GB,0 GB,Mac,64-bit,0,Casual,13.3,1,No,No,112990,122900,8,4.8,640,70
659,APPLE,MacBook,M1,M1,10th,16 GB,DDR4,256 GB,0 GB,Mac,64-bit,0,Casual,13.3,1,No,No,132990,149900,11,4.8,640,70
660,APPLE,MacBook,M1,M1,10th,16 GB,DDR4,256 GB,0 GB,Mac,64-bit,0,Casual,13.3,1,No,No,104990,112900,7,4.7,45,4
661,APPLE,MacBook,M1,M1,10th,8 GB,DDR4,256 GB,0 GB,Mac,64-bit,0,Casual,13.3,1,No,No,85990,92900,7,4.7,6725,629
662,APPLE,MacBook,M1,M1,10th,16 GB,DDR4,512 GB,0 GB,Mac,64-bit,0,Casual,13.3,1,No,No,149990,163900,8,4.8,640,70
663,APPLE,MacBook,M1,M1,10th,8 GB,DDR4,512 GB,0 GB,Mac,64-bit,0,Casual,13.3,1,No,No,125990,142900,11,4.6,399,45
664,APPLE,MacBook,M1,M1,10th,8 GB,DDR4,512 GB,0 GB,Mac,64-bit,0,Casual,13.3,1,No,No,103990,117900,11,4.7,809,91
665,APPLE,MacBook,M1,M1,10th,8 GB,DDR4,512 GB,0 GB,Mac,64-bit,0,Casual,13.3,1,No,No,101990,117900,13,4.7,809,91
666,APPLE,MacBook,M1,M1,10th,8 GB,DDR4,512 GB,0 GB,Mac,64-bit,0,Casual,13.3,1,No,No,104990,110900,5,4.7,6725,629
667,APPLE,MacBook,M1,M1,10th,8 GB,DDR4,512 GB,0 GB,Mac,64-bit,0,Casual,13.3,1,No,No,131990,142900,7,4.6,399,45
668,APPLE,MacBook,M1,M1,10th,16 GB,DDR4,512 GB,0 GB,Mac,64-bit,0,Casual,13.3,1,No,No,128990,137900,6,4.7,45,4
669,APPLE,MacBook,M1,M1,10th,16 GB,DDR4,512 GB,0 GB,Mac,64-bit,0,Casual,14.2,1,No,No,184990,194900,5,4.8,42,8
670,APPLE,MacBook,M1,M1,10th,16 GB,DDR4,512 GB,0 GB,Mac,64-bit,0,Casual,16.2,1,No,No,225990,239900,5,4.8,42,8
671,APPLE,MacBook,M1,M1,10th,4 GB,DDR4,512 GB,0 GB,Mac,64-bit,0,Casual,16,1,No,No,124990,132900,5,4.7,45,4
672,APPLE,MacBook,M1,M1,10th,8 GB,DDR4,512 GB,0 GB,Mac,64-bit,0,Casual,13.3,1,No,No,104990,110900,5,4.7,6725,629
673,APPLE,MacBook,M1,M1,10th,8 GB,DDR4,1024 GB,0 GB,Mac,64-bit,0,Casual,13.3,1,No,No,149990,163900,8,4.8,640,70
674,APPLE,MacBook,M1,M1,10th,16 GB,DDR4,1024 GB,0 GB,Mac,64-bit,0,Casual,13.3,1,No,No,169990,183900,7,4.8,640,70
675,APPLE,MacBook,M1,M1,10th,16 GB,DDR4,1024 GB,0 GB,Mac,64-bit,0,Casual,14.2,1,No,No,225990,239900,5,4.8,42,8
676,APPLE,MacBook,M1,M1,10th,16 GB,DDR4,1024 GB,0 GB,Mac,64-bit,0,Casual,16.2,1,No,No,243990,259900,6,4.8,42,8
677,APPLE,MacBook,M1,M1,10th,32 GB,DDR4,1024 GB,0 GB,Mac,64-bit,0,Casual,16.2,1,No,No,309990,329900,6,5.0,3,1
678,APPLE,MacBook,M1,M1,10th,16 GB,DDR4,1024 GB,0 GB,Mac,64-bit,0,Casual,14.2,1,No,No,225990,239900,5,4.8,42,8
683,iball,CompBook,Intel,Pentium Quad,Missing,4 GB,DDR3,0 GB,512 GB,Windows,64-bit,0,Casual,Missing,0,No,No,13990,19999,30,3.8,1218,209
686,HP,Pentium,Intel,Pentium Quad,Missing,8 GB,DDR4,256 GB,0 GB,Windows,64-bit,0,ThinNlight,14,1,No,Yes,32990,36865,10,4.1,77,9
687,ASUS,VivoBook,Intel,Pentium Quad,Missing,4 GB,DDR4,256 GB,0 GB,Windows,64-bit,0,ThinNlight,Missing,1,No,Yes,33990,39990,15,4.3,6,0
688,acer,Extensa,Intel,Pentium Quad,Missing,4 GB,DDR4,256 GB,0 GB,Windows,64-bit,0,Casual,Missing,1,No,No,30990,34990,11,4.2,465,89
689,DELL,Inspiron,Intel,Pentium Quad,Missing,4 GB,DDR4,256 GB,0 GB,Windows,64-bit,0,ThinNlight,Missing,1,No,No,36000,43000,16,4.3,102,16
690,ASUS,VivoBook,Intel,Pentium Quad,Missing,4 GB,DDR4,256 GB,0 GB,Windows,64-bit,0,ThinNlight,Missing,1,No,Yes,32990,39990,17,4.3,7,1
693,ASUS,Pentium,Intel,Pentium Quad,Missing,4 GB,DDR4,0 GB,1024 GB,Windows,64-bit,0,Casual,15.6,1,No,No,25990,40108,35,3.7,4741,658
694,ASUS,Pentium,Intel,Pentium Quad,Missing,4 GB,DDR4,0 GB,1024 GB,Windows,64-bit,0,Casual,15.6,1,No,No,25990,30990,16,3.8,2736,350
696,ASUS,VivoBook,Intel,Pentium Silver,Missing,4 GB,DDR4,256 GB,0 GB,Windows,64-bit,0,ThinNlight,14,0,No,No,29990,38990,23,4.0,36,3
697,ASUS,EeeBook,Intel,Pentium Silver,Missing,4 GB,DDR4,256 GB,0 GB,Windows,64-bit,0,ThinNlight,Missing,0,No,No,31990,40990,21,3.8,5,0
699,HP,Ryzen,AMD,Ryzen 3,Missing,8 GB,DDR4,256 GB,0 GB,Windows,64-bit,0,ThinNlight,15.6,1,No,No,37990,46055,17,4.3,2214,241
700,ASUS,Ryzen,AMD,Ryzen 3,Missing,8 GB,DDR4,256 GB,0 GB,Windows,64-bit,0,ThinNlight,15.6,1,No,No,35990,46990,23,4.3,2886,375
701,DELL,Inspiron,AMD,Ryzen 3,Missing,8 GB,DDR4,256 GB,0 GB,Windows,64-bit,0,ThinNlight,15.6,0,No,No,39490,49714,20,4.3,34,4
702,DELL,Inspiron,AMD,Ryzen 3,Missing,8 GB,DDR4,256 GB,0 GB,Windows,64-bit,0,ThinNlight,14.96,0,No,No,36990,50586,26,4.2,137,15
703,DELL,Ryzen,AMD,Ryzen 3,Missing,8 GB,DDR4,256 GB,0 GB,Windows,64-bit,0,ThinNlight,15.6,1,No,No,39990,53640,25,4.6,7,0
704,ASUS,Ryzen,AMD,Ryzen 3,Missing,4 GB,DDR4,256 GB,0 GB,Windows,64-bit,0,ThinNlight,15.6,1,No,No,33690,37990,11,4.2,170,26
706,ASUS,VivoBook,AMD,Ryzen 3,Missing,4 GB,DDR4,256 GB,0 GB,Windows,64-bit,0,Casual,Missing,1,No,No,37990,46990,19,4.2,39,3
707,ASUS,VivoBook,AMD,Ryzen 3,Missing,4 GB,DDR4,256 GB,0 GB,Windows,64-bit,0,ThinNlight,Missing,1,No,Yes,34500,42990,19,4.3,2886,375
708,acer,Aspire,AMD,Ryzen 3,Missing,8 GB,DDR4,512 GB,0 GB,Windows,64-bit,0,Casual,15.6,1,No,No,36990,44999,17,4.6,11,2
709,HP,Ryzen,AMD,Ryzen 3,Missing,8 GB,DDR4,512 GB,0 GB,Windows,64-bit,0,ThinNlight,14,0,No,No,43490,52990,17,4.6,163,33
710,HP,Ryzen,AMD,Ryzen 3,Missing,8 GB,DDR4,512 GB,0 GB,Windows,64-bit,0,ThinNlight,15.6,1,No,Yes,41490,51748,19,4.2,153,21
712,HP,15s,AMD,Ryzen 3,Missing,4 GB,DDR4,512 GB,0 GB,Windows,64-bit,0,ThinNlight,Missing,1,No,Yes,44490,49000,9,4.3,267,42
714,DELL,Inspiron,AMD,Ryzen 3,Missing,8 GB,DDR4,512 GB,0 GB,Windows,64-bit,0,ThinNlight,15.6,0,No,No,42090,56771,25,3.3,3,0
715,DELL,Vostro,AMD,Ryzen 3,Missing,8 GB,DDR4,0 GB,1024 GB,Windows,64-bit,0,ThinNlight,14,1,No,Yes,35990,50651,28,4.1,59,12
716,HP,15s,AMD,Ryzen 3,Missing,8 GB,DDR4,0 GB,1024 GB,Windows,64-bit,0,ThinNlight,15.6,1,No,Yes,39490,40957,3,4.2,7291,895
717,DELL,Inspiron,AMD,Ryzen 3,Missing,8 GB,DDR4,0 GB,1024 GB,Windows,64-bit,0,ThinNlight,15.6,0,No,No,37390,50149,25,4.2,38,5
719,DELL,Inspiron,AMD,Ryzen 3,Missing,4 GB,DDR4,0 GB,1024 GB,Windows,64-bit,0,Casual,Missing,1,No,Yes,39990,49613,19,4.1,409,39
721,HP,15q,AMD,Ryzen 3,Missing,4 GB,DDR4,0 GB,1024 GB,Windows,64-bit,0,Casual,15.6,1,No,No,32917,32917,0,4.0,353,58
722,Lenovo,Ryzen,AMD,Ryzen 3,Missing,4 GB,DDR4,0 GB,1024 GB,Windows,64-bit,0,Casual,15.6,0,No,No,34990,36923,5,3.3,38,6
723,DELL,Inspiron,AMD,Ryzen 3,Missing,8 GB,DDR4,0 GB,1024 GB,Windows,64-bit,0,ThinNlight,14.96,0,No,No,39990,51574,22,3.1,18,4
724,HP,15s,AMD,Ryzen 3,Missing,8 GB,DDR4,256 GB,1024 GB,Windows,64-bit,0,Casual,15.6,1,No,Yes,41999,48294,13,4.3,3524,432
725,HP,Chromebook,MediaTek,MediaTek Kompanio,10th,4 GB,DDR4,0 GB,512 GB,DOS,32-bit,0,Casual,Missing,0,No,No,22990,26663,13,3.8,4623,553
726,HP,Chromebook,MediaTek,MediaTek Kompanio,10th,4 GB,LPDDR4X,0 GB,512 GB,DOS,32-bit,0,Casual,Missing,0,No,No,22490,24845,9,3.8,4623,553
727,HP,Chromebook,MediaTek,MediaTek Kompanio,10th,4 GB,LPDDR4X,0 GB,512 GB,DOS,32-bit,0,Casual,Missing,0,No,No,22990,24845,7,3.8,4623,553
728,MICROSOFT,Surface,AMD,Ryzen 5,Missing,4 GB,DDR4,128 GB,0 GB,Windows,64-bit,0,Casual,Missing,0,Yes,No,99990,124999,20,3.8,9,0
729,DELL,Vostro,AMD,Ryzen 5,Missing,8 GB,DDR4,256 GB,0 GB,Windows,64-bit,0,Casual,14,1,No,Yes,41990,59580,29,4.3,939,107
730,DELL,Inspiron,AMD,Ryzen 5,Missing,8 GB,DDR4,256 GB,0 GB,Windows,64-bit,0,ThinNlight,15.6,1,No,No,44490,58194,23,4.2,14,1
731,DELL,Inspiron,AMD,Ryzen 5,Missing,8 GB,DDR4,256 GB,0 GB,Windows,64-bit,0,Casual,15.6,1,No,Yes,41990,49613,15,4.4,649,84
732,DELL,Vostro,AMD,Ryzen 5,Missing,8 GB,DDR4,256 GB,0 GB,Windows,64-bit,0,ThinNlight,14,1,No,Yes,44490,58286,23,4.3,8,2
734,DELL,Inspiron,AMD,Ryzen 5,Missing,4 GB,DDR4,256 GB,0 GB,Windows,64-bit,0,ThinNlight,Missing,1,No,No,44390,56573,21,4.0,276,24
735,HP,Pavilion,AMD,Ryzen 5,Missing,8 GB,DDR4,512 GB,0 GB,Windows,64-bit,4,Casual,15.6,1,No,No,57990,70172,17,4.5,4740,532
736,Lenovo,IdeaPad,AMD,Ryzen 5,Missing,8 GB,DDR4,512 GB,0 GB,Windows,64-bit,4,Gaming,15.6,1,No,Yes,56990,83890,32,4.5,162,15
737,Lenovo,IdeaPad,AMD,Ryzen 5,Missing,8 GB,DDR4,512 GB,0 GB,Windows,64-bit,0,ThinNlight,15.6,1,No,No,48990,68990,28,4.4,219,27
738,HP,Ryzen,AMD,Ryzen 5,Missing,8 GB,DDR4,512 GB,0 GB,Windows,64-bit,0,ThinNlight,14,1,No,Yes,49970,59808,16,4.5,193,28
739,MSI,Modern,AMD,Ryzen 5,Missing,8 GB,DDR4,512 GB,0 GB,Windows,64-bit,0,Casual,14,0,No,No,47990,61990,22,4.6,562,89
740,HP,Ryzen,AMD,Ryzen 5,Missing,8 GB,DDR4,512 GB,0 GB,Windows,64-bit,0,ThinNlight,15.6,1,No,Yes,48990,60959,19,4.4,45,5
741,acer,Swift,AMD,Ryzen 5,Missing,8 GB,LPDDR4X,512 GB,0 GB,Windows,64-bit,0,ThinNlight,14,1,No,No,53990,89999,40,4.9,7,0
742,Lenovo,IdeaPad,AMD,Ryzen 5,Missing,8 GB,DDR4,512 GB,0 GB,Windows,64-bit,0,Casual,15.6,1,No,Yes,52990,78290,32,4.2,39,5
744,Lenovo,Ideapad,AMD,Ryzen 5,Missing,8 GB,DDR4,512 GB,0 GB,Windows,64-bit,4,Gaming,15.6,0,No,No,59490,89490,33,4.5,92,10
745,MSI,Bravo,AMD,Ryzen 5,Missing,8 GB,DDR4,512 GB,0 GB,Windows,64-bit,4,Casual,15.6,0,No,No,64990,83990,22,4.5,469,80
746,DELL,Vostro,AMD,Ryzen 5,Missing,8 GB,DDR4,512 GB,0 GB,Windows,64-bit,0,ThinNlight,14,0,No,No,47490,61740,23,2.5,2,1
747,HP,HP,AMD,Ryzen 5,Missing,8 GB,DDR4,512 GB,0 GB,Windows,64-bit,4,Casual,15.6,1,No,No,59990,76020,21,4.4,1978,188
748,Lenovo,Legion,AMD,Ryzen 5,Missing,8 GB,DDR4,512 GB,0 GB,Windows,64-bit,4,Casual,15.6,0,No,No,69990,107690,35,4.3,9,0
749,HP,15-ec1105AX,AMD,Ryzen 5,Missing,8 GB,DDR4,512 GB,0 GB,Windows,64-bit,4,Casual,15.6,1,No,No,58990,70172,15,4.5,1049,134
750,DELL,Vostro,AMD,Ryzen 5,Missing,8 GB,DDR4,512 GB,0 GB,Windows,64-bit,0,ThinNlight,14,1,No,No,59490,61060,2,4.6,74,18
751,HP,Pavilion,AMD,Ryzen 5,Missing,16 GB,DDR4,512 GB,0 GB,Windows,64-bit,0,ThinNlight,15.6,1,No,Yes,67500,75049,10,4.4,196,19
752,HP,Ryzen,AMD,Ryzen 5,Missing,8 GB,DDR4,512 GB,0 GB,Windows,32-bit,0,Casual,15.6,0,No,No,48990,60959,19,4.6,17,1
753,ASUS,VivoBook,AMD,Ryzen 5,Missing,8 GB,DDR4,512 GB,0 GB,Windows,64-bit,0,Casual,14,1,Yes,Yes,62450,74990,16,4.4,172,36
754,ASUS,VivoBook,AMD,Ryzen 5,Missing,8 GB,DDR4,512 GB,0 GB,Windows,64-bit,0,Casual,14,1,No,No,58990,73990,20,4.4,324,34
756,HP,Pavilion,AMD,Ryzen 5,Missing,8 GB,DDR4,512 GB,0 GB,Windows,64-bit,0,ThinNlight,15.6,1,No,Yes,57999,70419,17,4.5,86,15
757,ASUS,VivoBook,AMD,Ryzen 5,Missing,16 GB,DDR4,512 GB,0 GB,Windows,64-bit,0,Casual,15.6,0,No,No,56990,80990,29,4.8,4,1
758,HP,Pavilion,AMD,Ryzen 5,Missing,8 GB,DDR4,512 GB,0 GB,Windows,64-bit,4,Casual,15.6,1,No,Yes,72990,87717,16,4.7,16,4
759,HP,Pavilion,AMD,Ryzen 5,Missing,16 GB,DDR4,512 GB,0 GB,Windows,64-bit,0,Casual,13.3,1,No,Yes,65990,89992,26,4.4,104,18
761,HP,Pavilion,AMD,Ryzen 5,Missing,16 GB,DDR4,512 GB,0 GB,Windows,64-bit,2,Casual,14,1,No,Yes,63990,74839,14,4.2,90,13
762,ASUS,Ryzen,AMD,Ryzen 5,Missing,8 GB,DDR4,512 GB,0 GB,Windows,32-bit,0,ThinNlight,15.6,1,No,Yes,49890,69990,28,4.7,6,1
763,DELL,Inspiron,AMD,Ryzen 5,Missing,8 GB,DDR4,512 GB,0 GB,Windows,64-bit,0,ThinNlight,15.6,1,No,Yes,49990,66161,24,4.4,47,7
765,HP,Envy,AMD,Ryzen 5,Missing,8 GB,DDR4,512 GB,0 GB,Windows,64-bit,0,Casual,13.3,1,Yes,Yes,73999,88840,16,4.6,206,27
766,DELL,Inspiron,AMD,Ryzen 5,Missing,4 GB,DDR4,512 GB,0 GB,Windows,64-bit,0,ThinNlight,Missing,1,No,Yes,60990,67861,10,4.4,183,42
767,DELL,G5,AMD,Ryzen 5,Missing,4 GB,DDR4,512 GB,0 GB,Windows,64-bit,6,Casual,Missing,0,No,No,76190,80996,5,4.4,358,64
769,ASUS,VivoBook,AMD,Ryzen 5,Missing,4 GB,DDR4,512 GB,0 GB,Windows,64-bit,0,Casual,Missing,1,No,No,58990,73990,20,4.3,88,13
772,HP,Pavilion,AMD,Ryzen 5,Missing,4 GB,DDR4,512 GB,0 GB,Windows,64-bit,0,ThinNlight,Missing,1,No,Yes,55090,67931,18,4.4,364,52
775,acer,Aspire,AMD,Ryzen 5,Missing,4 GB,DDR4,512 GB,0 GB,Windows,64-bit,0,Casual,Missing,1,No,No,44990,56990,21,4.4,313,39
776,HP,15s,AMD,Ryzen 5,Missing,4 GB,DDR4,512 GB,0 GB,Windows,64-bit,0,ThinNlight,Missing,1,No,Yes,53490,59990,10,4.4,826,118
779,MSI,Modern,AMD,Ryzen 5,Missing,4 GB,DDR4,512 GB,0 GB,Windows,64-bit,0,Casual,Missing,0,No,No,54990,69990,21,4.4,1410,203
780,acer,Aspire,AMD,Ryzen 5,Missing,4 GB,DDR4,512 GB,0 GB,Windows,64-bit,0,Casual,Missing,1,No,No,49990,72990,31,4.4,47,6
782,acer,Aspire,AMD,Ryzen 5,Missing,4 GB,DDR4,512 GB,0 GB,Windows,64-bit,0,ThinNlight,Missing,1,No,No,49990,64990,23,4.5,6,1
783,HP,14s,AMD,Ryzen 5,Missing,4 GB,DDR4,512 GB,0 GB,Windows,64-bit,0,ThinNlight,Missing,1,No,Yes,52500,60000,12,4.3,741,67
784,Vaio,E,AMD,Ryzen 5,Missing,4 GB,DDR4,512 GB,0 GB,Windows,64-bit,0,ThinNlight,Missing,2,No,Yes,49590,66990,25,4.1,700,144
785,ASUS,Ryzen,AMD,Ryzen 5,Missing,4 GB,DDR4,512 GB,0 GB,Windows,64-bit,0,ThinNlight,Missing,1,No,Yes,49990,64990,23,4.5,14,2
788,Lenovo,IDEAPAD,AMD,Ryzen 5,Missing,4 GB,DDR4,512 GB,0 GB,Windows,32-bit,0,Casual,Missing,1,No,No,59900,62200,3,3.7,3,0
789,HP,15s,AMD,Ryzen 5,Missing,4 GB,DDR4,512 GB,0 GB,Windows,64-bit,0,ThinNlight,Missing,1,No,Yes,54590,59990,9,4.4,349,69
791,HP,Ryzen,AMD,Ryzen 5,Missing,8 GB,DDR4,512 GB,0 GB,Windows,64-bit,0,ThinNlight,15.6,1,No,Yes,51890,58657,11,4.3,519,48
792,ASUS,VivoBook,AMD,Ryzen 5,Missing,16 GB,DDR4,512 GB,0 GB,Windows,64-bit,0,Casual,17.3,1,No,No,78000,78990,1,2.7,3,0
793,Vaio,E,AMD,Ryzen 5,Missing,8 GB,DDR4,512 GB,0 GB,Windows,64-bit,0,ThinNlight,15.6,2,No,Yes,50990,66990,23,4.1,700,144
794,HP,Pavilion,AMD,Ryzen 5,Missing,16 GB,DDR4,512 GB,0 GB,Windows,64-bit,0,ThinNlight,14,1,No,Yes,59999,74839,19,4.1,19,1
795,HP,Pavilion,AMD,Ryzen 5,Missing,8 GB,DDR4,512 GB,0 GB,Windows,64-bit,4,Gaming,15.6,1,No,Yes,64990,69990,7,3.8,8,1
796,DELL,Ryzen,AMD,Ryzen 5,Missing,4 GB,DDR4,1024 GB,0 GB,Windows,32-bit,0,Casual,Missing,0,No,No,57900,78900,26,4.7,3,1
798,HP,Pavilion,AMD,Ryzen 5,Missing,4 GB,DDR4,0 GB,1024 GB,Windows,64-bit,4,Gaming,Missing,1,No,No,59990,68192,12,4.1,1480,151
799,DELL,Inspiron,AMD,Ryzen 5,Missing,8 GB,DDR4,256 GB,1024 GB,Windows,64-bit,0,Casual,15.6,0,No,No,49490,66396,25,4.0,31,3
800,ASUS,VivoBook,AMD,Ryzen 5,Missing,8 GB,DDR4,256 GB,1024 GB,Windows,64-bit,0,Casual,15.6,1,No,No,54990,78990,30,4.5,18,3
801,Lenovo,Legion,AMD,Ryzen 5,Missing,8 GB,DDR4,256 GB,1024 GB,Windows,64-bit,4,Casual,15.6,0,No,No,68500,90890,24,4.5,271,24
802,ASUS,VivoBook,AMD,Ryzen 5,Missing,8 GB,DDR4,256 GB,1024 GB,Windows,64-bit,0,Casual,15.6,1,No,No,54990,78990,30,4.6,49,6
803,ASUS,VivoBook,AMD,Ryzen 5,Missing,8 GB,DDR4,256 GB,1024 GB,Windows,32-bit,0,Casual,15.6,1,No,Yes,54990,78990,30,4.4,474,65
804,Lenovo,Ideapad,AMD,Ryzen 5,Missing,8 GB,DDR4,256 GB,1024 GB,Windows,64-bit,0,Gaming,15.6,1,No,Yes,63990,85290,24,4.5,861,116
805,HP,Pavilion,AMD,Ryzen 5,Missing,4 GB,DDR4,256 GB,1024 GB,Windows,64-bit,4,Gaming,Missing,1,No,No,80000,83085,3,4.6,34,6
807,ASUS,VivoBook,AMD,Ryzen 5,Missing,4 GB,DDR4,256 GB,1024 GB,Windows,64-bit,0,Casual,Missing,1,No,Yes,62990,74990,16,4.2,165,34
808,HP,Ryzen,AMD,Ryzen 5,Missing,4 GB,DDR4,256 GB,1024 GB,Windows,64-bit,0,ThinNlight,Missing,1,No,No,52990,57331,7,4.4,698,74
810,ASUS,ASUS,AMD,Ryzen 7,Missing,16 GB,DDR4,512 GB,0 GB,Windows,32-bit,4,Gaming,17.3,0,No,No,76990,106990,28,4.8,22,3
812,ASUS,ROG,AMD,Ryzen 7,Missing,8 GB,DDR4,512 GB,0 GB,Windows,64-bit,4,Casual,15.6,0,No,No,71990,90990,20,4.5,144,16
813,ASUS,ROG,AMD,Ryzen 7,Missing,8 GB,DDR4,512 GB,0 GB,Windows,64-bit,4,Casual,15.6,0,No,No,71990,90990,20,4.5,1810,235
814,Lenovo,Lenovo,AMD,Ryzen 7,Missing,16 GB,DDR4,512 GB,0 GB,Windows,64-bit,4,Casual,15.6,1,No,Yes,99990,138490,27,4.6,26,1
817,ASUS,ASUS,AMD,Ryzen 7,Missing,16 GB,DDR4,512 GB,0 GB,Windows,64-bit,4,Gaming,17.3,0,No,No,82990,107990,23,4.6,1067,145
819,ASUS,VivoBook,AMD,Ryzen 7,Missing,4 GB,DDR4,512 GB,0 GB,Windows,64-bit,0,Casual,16,1,No,No,92990,129990,28,4.7,25,4
823,Lenovo,Ideapad,AMD,Ryzen 7,Missing,4 GB,DDR4,512 GB,0 GB,Windows,64-bit,0,Casual,Missing,1,No,Yes,60990,60990,0,4.4,530,69
825,HP,Pavilion,AMD,Ryzen 7,Missing,4 GB,DDR4,512 GB,0 GB,Windows,64-bit,4,Casual,16,1,No,No,90990,103215,11,4.6,273,40
826,Vaio,E,AMD,Ryzen 7,Missing,4 GB,DDR4,512 GB,0 GB,Windows,64-bit,0,ThinNlight,Missing,2,No,Yes,56990,76090,25,3.8,139,26
827,ASUS,VivoBook,AMD,Ryzen 7,Missing,4 GB,DDR4,512 GB,0 GB,Windows,64-bit,0,Casual,Missing,1,No,No,63990,67551,5,4.2,77,7
828,Lenovo,Ideapad,AMD,Ryzen 7,Missing,4 GB,DDR4,512 GB,0 GB,Windows,64-bit,0,Casual,Missing,1,No,Yes,63990,85290,24,4.4,105,10
829,HP,Ryzen,AMD,Ryzen 7,Missing,4 GB,DDR4,512 GB,0 GB,Windows,64-bit,0,ThinNlight,Missing,1,No,Yes,57999,73625,21,4.1,44,5
831,Lenovo,Yoga,AMD,Ryzen 7,Missing,4 GB,DDR4,512 GB,0 GB,Windows,64-bit,0,Casual,16,1,Yes,No,78990,125888,37,4.7,6,0
835,DELL,G5,AMD,Ryzen 7,Missing,4 GB,DDR4,512 GB,0 GB,Windows,64-bit,6,Casual,16,0,No,No,89990,99067,9,4.1,191,27
837,Lenovo,Ryzen,AMD,Ryzen 7,Missing,4 GB,DDR4,512 GB,0 GB,Windows,64-bit,4,Casual,16,0,No,No,73138,112990,35,3.0,4,1
841,HP,15s,AMD,Ryzen 7,Missing,4 GB,DDR4,512 GB,0 GB,Windows,64-bit,0,ThinNlight,Missing,1,No,Yes,68500,72000,4,4.5,134,22
843,Vaio,E,AMD,Ryzen 7,Missing,8 GB,DDR4,512 GB,0 GB,Windows,64-bit,0,ThinNlight,15.6,2,No,Yes,57990,76090,23,3.8,139,26
844,HP,Pavilion,AMD,Ryzen 7,Missing,16 GB,DDR4,512 GB,0 GB,Windows,64-bit,2,Casual,14,1,No,Yes,79990,86352,7,3.5,23,6
845,HP,Pavilion,AMD,Ryzen 7,Missing,16 GB,DDR4,512 GB,0 GB,Windows,64-bit,4,Gaming,15.6,1,No,Yes,84990,111108,23,2.8,4,2
846,MSI,Alpha,AMD,Ryzen 7,Missing,16 GB,DDR4,1024 GB,0 GB,Windows,64-bit,8,Casual,15.6,1,No,No,99990,145990,31,4.7,108,24
847,ASUS,ROG,AMD,Ryzen 7,Missing,8 GB,LPDDR4X,1024 GB,0 GB,Windows,64-bit,4,Casual,14,0,No,No,72990,123990,41,4.6,198,24
853,ASUS,TUF,AMD,Ryzen 7,Missing,4 GB,DDR4,1024 GB,0 GB,Windows,32-bit,4,Gaming,Missing,0,No,No,95990,105990,9,4.7,57,3
854,HP,OMEN,AMD,Ryzen 7,Missing,4 GB,DDR4,1024 GB,0 GB,Windows,64-bit,8,Casual,16,1,No,No,159990,186348,14,4.8,17,2
860,ASUS,ROG,AMD,Ryzen 7,Missing,4 GB,DDR4,1024 GB,0 GB,Windows,64-bit,0,Casual,Missing,1,No,Yes,76000,126990,40,5.0,1,1
861,ASUS,ROG,AMD,Ryzen 7,Missing,4 GB,LPDDR4X,1024 GB,0 GB,Windows,64-bit,4,Casual,16,1,Yes,No,99990,162990,38,4.4,77,15
863,ASUS,Ryzen,AMD,Ryzen 7,Missing,16 GB,LPDDR4X,1024 GB,0 GB,Windows,64-bit,0,ThinNlight,13.3,1,No,Yes,84970,110990,23,3.0,2,1
864,HP,Pavilion,AMD,Ryzen 7,Missing,16 GB,DDR4,256 GB,1024 GB,Windows,64-bit,4,Gaming,15.6,1,No,Yes,75990,93564,18,4.5,1084,123
865,acer,Nitro,AMD,Ryzen 7,Missing,16 GB,DDR4,256 GB,1024 GB,Windows,64-bit,6,Casual,15.6,1,No,No,89990,119990,25,4.4,272,36
866,acer,Nitro,AMD,Ryzen 7,Missing,16 GB,DDR4,256 GB,1024 GB,Windows,64-bit,4,Casual,15.6,0,No,No,81990,119900,31,4.5,141,24
869,ASUS,ROG,AMD,Ryzen 9,Missing,16 GB,DDR4,1024 GB,0 GB,Windows,32-bit,0,Casual,15.6,1,No,No,154990,207990,25,4.6,194,42
870,ASUS,ROG,AMD,Ryzen 9,Missing,16 GB,DDR4,1024 GB,0 GB,Windows,64-bit,8,Casual,15.6,1,No,Yes,199990,259990,23,4.7,9,2
871,ASUS,ROG,AMD,Ryzen 9,Missing,16 GB,DDR4,1024 GB,0 GB,Windows,64-bit,4,Casual,15.6,0,No,No,114990,162990,29,4.6,28,4
872,ASUS,ROG,AMD,Ryzen 9,Missing,16 GB,DDR4,1024 GB,0 GB,Windows,64-bit,6,Casual,15.6,1,No,Yes,129990,187990,30,4.3,204,35
873,ASUS,ROG,AMD,Ryzen 9,Missing,16 GB,LPDDR4X,1024 GB,0 GB,Windows,64-bit,4,Casual,13.4,1,Yes,Yes,114990,175990,34,4.3,32,6
875,ASUS,VivoBook,AMD,Ryzen 9,Missing,4 GB,DDR4,1024 GB,0 GB,Windows,64-bit,0,Casual,16,1,No,No,104990,142990,26,4.5,14,2
876,ASUS,ROG,AMD,Ryzen 9,Missing,4 GB,LPDDR4X,1024 GB,0 GB,Windows,64-bit,4,Casual,16,1,Yes,No,114990,181990,36,4.7,14,1
877,ASUS,ROG,AMD,Ryzen 9,Missing,4 GB,LPDDR4X,1024 GB,0 GB,Windows,64-bit,4,Casual,16,1,Yes,Yes,124990,175990,28,5.0,3,0
881,ASUS,ROG,AMD,Ryzen 9,Missing,4 GB,LPDDR4X,1024 GB,0 GB,Windows,64-bit,4,Casual,Missing,1,Yes,Yes,142990,201990,29,4.0,4,1
883,ASUS,ROG,AMD,Ryzen 9,Missing,4 GB,LPDDR4X,1024 GB,0 GB,Windows,64-bit,4,Casual,Missing,1,Yes,Yes,124990,194990,35,4.2,44,12
884,ASUS,ROG,AMD,Ryzen 9,Missing,4 GB,DDR4,1024 GB,0 GB,Windows,64-bit,6,Casual,16,0,No,No,141990,189990,25,4.2,61,13
895,Lenovo,Thinkpad,AMD,Ryzen 5,10th,8 GB,DDR4,512 GB,0 GB,DOS,64-bit,0,ThinNlight,14,0,No,No,57490,78400,26,4.2,18,4
